filename,path,modality,channel,emotion_id,emotion,intensity,statement_id,statement,repetition,actor_id,gender
03-01-01-01-01-01-01.wav,data\Actor_01\03-01-01-01-01-01-01.wav,03,01,01,neutral,normal,01,Kids are talking by the door,01,01,male
03-01-01-01-01-02-01.wav,data\Actor_01\03-01-01-01-01-02-01.wav,03,01,01,neutral,normal,01,Kids are talking by the door,02,01,male
03-01-01-01-02-01-01.wav,data\Actor_01\03-01-01-01-02-01-01.wav,03,01,01,neutral,normal,02,Dogs are sitting by the door,01,01,male
03-01-01-01-02-02-01.wav,data\Actor_01\03-01-01-01-02-02-01.wav,03,01,01,neutral,normal,02,Dogs are sitting by the door,02,01,male
03-01-02-01-01-01-01.wav,data\Actor_01\03-01-02-01-01-01-01.wav,03,01,02,calm,normal,01,Kids are talking by the door,01,01,male
03-01-02-01-01-02-01.wav,data\Actor_01\03-01-02-01-01-02-01.wav,03,01,02,calm,normal,01,Kids are talking by the door,02,01,male
03-01-02-01-02-01-01.wav,data\Actor_01\03-01-02-01-02-01-01.wav,03,01,02,calm,normal,02,Dogs are sitting by the door,01,01,male
03-01-02-01-02-02-01.wav,data\Actor_01\03-01-02-01-02-02-01.wav,03,01,02,calm,normal,02,Dogs are sitting by the door,02,01,male
03-01-02-02-01-01-01.wav,data\Actor_01\03-01-02-02-01-01-01.wav,03,01,02,calm,strong,01,Kids are talking by the door,01,01,male
03-01-02-02-01-02-01.wav,data\Actor_01\03-01-02-02-01-02-01.wav,03,01,02,calm,strong,01,Kids are talking by the door,02,01,male
03-01-02-02-02-01-01.wav,data\Actor_01\03-01-02-02-02-01-01.wav,03,01,02,calm,strong,02,Dogs are sitting by the door,01,01,male
03-01-02-02-02-02-01.wav,data\Actor_01\03-01-02-02-02-02-01.wav,03,01,02,calm,strong,02,Dogs are sitting by the door,02,01,male
03-01-03-01-01-01-01.wav,data\Actor_01\03-01-03-01-01-01-01.wav,03,01,03,happy,normal,01,Kids are talking by the door,01,01,male
03-01-03-01-01-02-01.wav,data\Actor_01\03-01-03-01-01-02-01.wav,03,01,03,happy,normal,01,Kids are talking by the door,02,01,male
03-01-03-01-02-01-01.wav,data\Actor_01\03-01-03-01-02-01-01.wav,03,01,03,happy,normal,02,Dogs are sitting by the door,01,01,male
03-01-03-01-02-02-01.wav,data\Actor_01\03-01-03-01-02-02-01.wav,03,01,03,happy,normal,02,Dogs are sitting by the door,02,01,male
03-01-03-02-01-01-01.wav,data\Actor_01\03-01-03-02-01-01-01.wav,03,01,03,happy,strong,01,Kids are talking by the door,01,01,male
03-01-03-02-01-02-01.wav,data\Actor_01\03-01-03-02-01-02-01.wav,03,01,03,happy,strong,01,Kids are talking by the door,02,01,male
03-01-03-02-02-01-01.wav,data\Actor_01\03-01-03-02-02-01-01.wav,03,01,03,happy,strong,02,Dogs are sitting by the door,01,01,male
03-01-03-02-02-02-01.wav,data\Actor_01\03-01-03-02-02-02-01.wav,03,01,03,happy,strong,02,Dogs are sitting by the door,02,01,male
03-01-04-01-01-01-01.wav,data\Actor_01\03-01-04-01-01-01-01.wav,03,01,04,sad,normal,01,Kids are talking by the door,01,01,male
03-01-04-01-01-02-01.wav,data\Actor_01\03-01-04-01-01-02-01.wav,03,01,04,sad,normal,01,Kids are talking by the door,02,01,male
03-01-04-01-02-01-01.wav,data\Actor_01\03-01-04-01-02-01-01.wav,03,01,04,sad,normal,02,Dogs are sitting by the door,01,01,male
03-01-04-01-02-02-01.wav,data\Actor_01\03-01-04-01-02-02-01.wav,03,01,04,sad,normal,02,Dogs are sitting by the door,02,01,male
03-01-04-02-01-01-01.wav,data\Actor_01\03-01-04-02-01-01-01.wav,03,01,04,sad,strong,01,Kids are talking by the door,01,01,male
03-01-04-02-01-02-01.wav,data\Actor_01\03-01-04-02-01-02-01.wav,03,01,04,sad,strong,01,Kids are talking by the door,02,01,male
03-01-04-02-02-01-01.wav,data\Actor_01\03-01-04-02-02-01-01.wav,03,01,04,sad,strong,02,Dogs are sitting by the door,01,01,male
03-01-04-02-02-02-01.wav,data\Actor_01\03-01-04-02-02-02-01.wav,03,01,04,sad,strong,02,Dogs are sitting by the door,02,01,male
03-01-05-01-01-01-01.wav,data\Actor_01\03-01-05-01-01-01-01.wav,03,01,05,angry,normal,01,Kids are talking by the door,01,01,male
03-01-05-01-01-02-01.wav,data\Actor_01\03-01-05-01-01-02-01.wav,03,01,05,angry,normal,01,Kids are talking by the door,02,01,male
03-01-05-01-02-01-01.wav,data\Actor_01\03-01-05-01-02-01-01.wav,03,01,05,angry,normal,02,Dogs are sitting by the door,01,01,male
03-01-05-01-02-02-01.wav,data\Actor_01\03-01-05-01-02-02-01.wav,03,01,05,angry,normal,02,Dogs are sitting by the door,02,01,male
03-01-05-02-01-01-01.wav,data\Actor_01\03-01-05-02-01-01-01.wav,03,01,05,angry,strong,01,Kids are talking by the door,01,01,male
03-01-05-02-01-02-01.wav,data\Actor_01\03-01-05-02-01-02-01.wav,03,01,05,angry,strong,01,Kids are talking by the door,02,01,male
03-01-05-02-02-01-01.wav,data\Actor_01\03-01-05-02-02-01-01.wav,03,01,05,angry,strong,02,Dogs are sitting by the door,01,01,male
03-01-05-02-02-02-01.wav,data\Actor_01\03-01-05-02-02-02-01.wav,03,01,05,angry,strong,02,Dogs are sitting by the door,02,01,male
03-01-06-01-01-01-01.wav,data\Actor_01\03-01-06-01-01-01-01.wav,03,01,06,fearful,normal,01,Kids are talking by the door,01,01,male
03-01-06-01-01-02-01.wav,data\Actor_01\03-01-06-01-01-02-01.wav,03,01,06,fearful,normal,01,Kids are talking by the door,02,01,male
03-01-06-01-02-01-01.wav,data\Actor_01\03-01-06-01-02-01-01.wav,03,01,06,fearful,normal,02,Dogs are sitting by the door,01,01,male
03-01-06-01-02-02-01.wav,data\Actor_01\03-01-06-01-02-02-01.wav,03,01,06,fearful,normal,02,Dogs are sitting by the door,02,01,male
03-01-06-02-01-01-01.wav,data\Actor_01\03-01-06-02-01-01-01.wav,03,01,06,fearful,strong,01,Kids are talking by the door,01,01,male
03-01-06-02-01-02-01.wav,data\Actor_01\03-01-06-02-01-02-01.wav,03,01,06,fearful,strong,01,Kids are talking by the door,02,01,male
03-01-06-02-02-01-01.wav,data\Actor_01\03-01-06-02-02-01-01.wav,03,01,06,fearful,strong,02,Dogs are sitting by the door,01,01,male
03-01-06-02-02-02-01.wav,data\Actor_01\03-01-06-02-02-02-01.wav,03,01,06,fearful,strong,02,Dogs are sitting by the door,02,01,male
03-01-07-01-01-01-01.wav,data\Actor_01\03-01-07-01-01-01-01.wav,03,01,07,disgust,normal,01,Kids are talking by the door,01,01,male
03-01-07-01-01-02-01.wav,data\Actor_01\03-01-07-01-01-02-01.wav,03,01,07,disgust,normal,01,Kids are talking by the door,02,01,male
03-01-07-01-02-01-01.wav,data\Actor_01\03-01-07-01-02-01-01.wav,03,01,07,disgust,normal,02,Dogs are sitting by the door,01,01,male
03-01-07-01-02-02-01.wav,data\Actor_01\03-01-07-01-02-02-01.wav,03,01,07,disgust,normal,02,Dogs are sitting by the door,02,01,male
03-01-07-02-01-01-01.wav,data\Actor_01\03-01-07-02-01-01-01.wav,03,01,07,disgust,strong,01,Kids are talking by the door,01,01,male
03-01-07-02-01-02-01.wav,data\Actor_01\03-01-07-02-01-02-01.wav,03,01,07,disgust,strong,01,Kids are talking by the door,02,01,male
03-01-07-02-02-01-01.wav,data\Actor_01\03-01-07-02-02-01-01.wav,03,01,07,disgust,strong,02,Dogs are sitting by the door,01,01,male
03-01-07-02-02-02-01.wav,data\Actor_01\03-01-07-02-02-02-01.wav,03,01,07,disgust,strong,02,Dogs are sitting by the door,02,01,male
03-01-08-01-01-01-01.wav,data\Actor_01\03-01-08-01-01-01-01.wav,03,01,08,surprised,normal,01,Kids are talking by the door,01,01,male
03-01-08-01-01-02-01.wav,data\Actor_01\03-01-08-01-01-02-01.wav,03,01,08,surprised,normal,01,Kids are talking by the door,02,01,male
03-01-08-01-02-01-01.wav,data\Actor_01\03-01-08-01-02-01-01.wav,03,01,08,surprised,normal,02,Dogs are sitting by the door,01,01,male
03-01-08-01-02-02-01.wav,data\Actor_01\03-01-08-01-02-02-01.wav,03,01,08,surprised,normal,02,Dogs are sitting by the door,02,01,male
03-01-08-02-01-01-01.wav,data\Actor_01\03-01-08-02-01-01-01.wav,03,01,08,surprised,strong,01,Kids are talking by the door,01,01,male
03-01-08-02-01-02-01.wav,data\Actor_01\03-01-08-02-01-02-01.wav,03,01,08,surprised,strong,01,Kids are talking by the door,02,01,male
03-01-08-02-02-01-01.wav,data\Actor_01\03-01-08-02-02-01-01.wav,03,01,08,surprised,strong,02,Dogs are sitting by the door,01,01,male
03-01-08-02-02-02-01.wav,data\Actor_01\03-01-08-02-02-02-01.wav,03,01,08,surprised,strong,02,Dogs are sitting by the door,02,01,male
03-01-01-01-01-01-02.wav,data\Actor_02\03-01-01-01-01-01-02.wav,03,01,01,neutral,normal,01,Kids are talking by the door,01,02,female
03-01-01-01-01-02-02.wav,data\Actor_02\03-01-01-01-01-02-02.wav,03,01,01,neutral,normal,01,Kids are talking by the door,02,02,female
03-01-01-01-02-01-02.wav,data\Actor_02\03-01-01-01-02-01-02.wav,03,01,01,neutral,normal,02,Dogs are sitting by the door,01,02,female
03-01-01-01-02-02-02.wav,data\Actor_02\03-01-01-01-02-02-02.wav,03,01,01,neutral,normal,02,Dogs are sitting by the door,02,02,female
03-01-02-01-01-01-02.wav,data\Actor_02\03-01-02-01-01-01-02.wav,03,01,02,calm,normal,01,Kids are talking by the door,01,02,female
03-01-02-01-01-02-02.wav,data\Actor_02\03-01-02-01-01-02-02.wav,03,01,02,calm,normal,01,Kids are talking by the door,02,02,female
03-01-02-01-02-01-02.wav,data\Actor_02\03-01-02-01-02-01-02.wav,03,01,02,calm,normal,02,Dogs are sitting by the door,01,02,female
03-01-02-01-02-02-02.wav,data\Actor_02\03-01-02-01-02-02-02.wav,03,01,02,calm,normal,02,Dogs are sitting by the door,02,02,female
03-01-02-02-01-01-02.wav,data\Actor_02\03-01-02-02-01-01-02.wav,03,01,02,calm,strong,01,Kids are talking by the door,01,02,female
03-01-02-02-01-02-02.wav,data\Actor_02\03-01-02-02-01-02-02.wav,03,01,02,calm,strong,01,Kids are talking by the door,02,02,female
03-01-02-02-02-01-02.wav,data\Actor_02\03-01-02-02-02-01-02.wav,03,01,02,calm,strong,02,Dogs are sitting by the door,01,02,female
03-01-02-02-02-02-02.wav,data\Actor_02\03-01-02-02-02-02-02.wav,03,01,02,calm,strong,02,Dogs are sitting by the door,02,02,female
03-01-03-01-01-01-02.wav,data\Actor_02\03-01-03-01-01-01-02.wav,03,01,03,happy,normal,01,Kids are talking by the door,01,02,female
03-01-03-01-01-02-02.wav,data\Actor_02\03-01-03-01-01-02-02.wav,03,01,03,happy,normal,01,Kids are talking by the door,02,02,female
03-01-03-01-02-01-02.wav,data\Actor_02\03-01-03-01-02-01-02.wav,03,01,03,happy,normal,02,Dogs are sitting by the door,01,02,female
03-01-03-01-02-02-02.wav,data\Actor_02\03-01-03-01-02-02-02.wav,03,01,03,happy,normal,02,Dogs are sitting by the door,02,02,female
03-01-03-02-01-01-02.wav,data\Actor_02\03-01-03-02-01-01-02.wav,03,01,03,happy,strong,01,Kids are talking by the door,01,02,female
03-01-03-02-01-02-02.wav,data\Actor_02\03-01-03-02-01-02-02.wav,03,01,03,happy,strong,01,Kids are talking by the door,02,02,female
03-01-03-02-02-01-02.wav,data\Actor_02\03-01-03-02-02-01-02.wav,03,01,03,happy,strong,02,Dogs are sitting by the door,01,02,female
03-01-03-02-02-02-02.wav,data\Actor_02\03-01-03-02-02-02-02.wav,03,01,03,happy,strong,02,Dogs are sitting by the door,02,02,female
03-01-04-01-01-01-02.wav,data\Actor_02\03-01-04-01-01-01-02.wav,03,01,04,sad,normal,01,Kids are talking by the door,01,02,female
03-01-04-01-01-02-02.wav,data\Actor_02\03-01-04-01-01-02-02.wav,03,01,04,sad,normal,01,Kids are talking by the door,02,02,female
03-01-04-01-02-01-02.wav,data\Actor_02\03-01-04-01-02-01-02.wav,03,01,04,sad,normal,02,Dogs are sitting by the door,01,02,female
03-01-04-01-02-02-02.wav,data\Actor_02\03-01-04-01-02-02-02.wav,03,01,04,sad,normal,02,Dogs are sitting by the door,02,02,female
03-01-04-02-01-01-02.wav,data\Actor_02\03-01-04-02-01-01-02.wav,03,01,04,sad,strong,01,Kids are talking by the door,01,02,female
03-01-04-02-01-02-02.wav,data\Actor_02\03-01-04-02-01-02-02.wav,03,01,04,sad,strong,01,Kids are talking by the door,02,02,female
03-01-04-02-02-01-02.wav,data\Actor_02\03-01-04-02-02-01-02.wav,03,01,04,sad,strong,02,Dogs are sitting by the door,01,02,female
03-01-04-02-02-02-02.wav,data\Actor_02\03-01-04-02-02-02-02.wav,03,01,04,sad,strong,02,Dogs are sitting by the door,02,02,female
03-01-05-01-01-01-02.wav,data\Actor_02\03-01-05-01-01-01-02.wav,03,01,05,angry,normal,01,Kids are talking by the door,01,02,female
03-01-05-01-01-02-02.wav,data\Actor_02\03-01-05-01-01-02-02.wav,03,01,05,angry,normal,01,Kids are talking by the door,02,02,female
03-01-05-01-02-01-02.wav,data\Actor_02\03-01-05-01-02-01-02.wav,03,01,05,angry,normal,02,Dogs are sitting by the door,01,02,female
03-01-05-01-02-02-02.wav,data\Actor_02\03-01-05-01-02-02-02.wav,03,01,05,angry,normal,02,Dogs are sitting by the door,02,02,female
03-01-05-02-01-01-02.wav,data\Actor_02\03-01-05-02-01-01-02.wav,03,01,05,angry,strong,01,Kids are talking by the door,01,02,female
03-01-05-02-01-02-02.wav,data\Actor_02\03-01-05-02-01-02-02.wav,03,01,05,angry,strong,01,Kids are talking by the door,02,02,female
03-01-05-02-02-01-02.wav,data\Actor_02\03-01-05-02-02-01-02.wav,03,01,05,angry,strong,02,Dogs are sitting by the door,01,02,female
03-01-05-02-02-02-02.wav,data\Actor_02\03-01-05-02-02-02-02.wav,03,01,05,angry,strong,02,Dogs are sitting by the door,02,02,female
03-01-06-01-01-01-02.wav,data\Actor_02\03-01-06-01-01-01-02.wav,03,01,06,fearful,normal,01,Kids are talking by the door,01,02,female
03-01-06-01-01-02-02.wav,data\Actor_02\03-01-06-01-01-02-02.wav,03,01,06,fearful,normal,01,Kids are talking by the door,02,02,female
03-01-06-01-02-01-02.wav,data\Actor_02\03-01-06-01-02-01-02.wav,03,01,06,fearful,normal,02,Dogs are sitting by the door,01,02,female
03-01-06-01-02-02-02.wav,data\Actor_02\03-01-06-01-02-02-02.wav,03,01,06,fearful,normal,02,Dogs are sitting by the door,02,02,female
03-01-06-02-01-01-02.wav,data\Actor_02\03-01-06-02-01-01-02.wav,03,01,06,fearful,strong,01,Kids are talking by the door,01,02,female
03-01-06-02-01-02-02.wav,data\Actor_02\03-01-06-02-01-02-02.wav,03,01,06,fearful,strong,01,Kids are talking by the door,02,02,female
03-01-06-02-02-01-02.wav,data\Actor_02\03-01-06-02-02-01-02.wav,03,01,06,fearful,strong,02,Dogs are sitting by the door,01,02,female
03-01-06-02-02-02-02.wav,data\Actor_02\03-01-06-02-02-02-02.wav,03,01,06,fearful,strong,02,Dogs are sitting by the door,02,02,female
03-01-07-01-01-01-02.wav,data\Actor_02\03-01-07-01-01-01-02.wav,03,01,07,disgust,normal,01,Kids are talking by the door,01,02,female
03-01-07-01-01-02-02.wav,data\Actor_02\03-01-07-01-01-02-02.wav,03,01,07,disgust,normal,01,Kids are talking by the door,02,02,female
03-01-07-01-02-01-02.wav,data\Actor_02\03-01-07-01-02-01-02.wav,03,01,07,disgust,normal,02,Dogs are sitting by the door,01,02,female
03-01-07-01-02-02-02.wav,data\Actor_02\03-01-07-01-02-02-02.wav,03,01,07,disgust,normal,02,Dogs are sitting by the door,02,02,female
03-01-07-02-01-01-02.wav,data\Actor_02\03-01-07-02-01-01-02.wav,03,01,07,disgust,strong,01,Kids are talking by the door,01,02,female
03-01-07-02-01-02-02.wav,data\Actor_02\03-01-07-02-01-02-02.wav,03,01,07,disgust,strong,01,Kids are talking by the door,02,02,female
03-01-07-02-02-01-02.wav,data\Actor_02\03-01-07-02-02-01-02.wav,03,01,07,disgust,strong,02,Dogs are sitting by the door,01,02,female
03-01-07-02-02-02-02.wav,data\Actor_02\03-01-07-02-02-02-02.wav,03,01,07,disgust,strong,02,Dogs are sitting by the door,02,02,female
03-01-08-01-01-01-02.wav,data\Actor_02\03-01-08-01-01-01-02.wav,03,01,08,surprised,normal,01,Kids are talking by the door,01,02,female
03-01-08-01-01-02-02.wav,data\Actor_02\03-01-08-01-01-02-02.wav,03,01,08,surprised,normal,01,Kids are talking by the door,02,02,female
03-01-08-01-02-01-02.wav,data\Actor_02\03-01-08-01-02-01-02.wav,03,01,08,surprised,normal,02,Dogs are sitting by the door,01,02,female
03-01-08-01-02-02-02.wav,data\Actor_02\03-01-08-01-02-02-02.wav,03,01,08,surprised,normal,02,Dogs are sitting by the door,02,02,female
03-01-08-02-01-01-02.wav,data\Actor_02\03-01-08-02-01-01-02.wav,03,01,08,surprised,strong,01,Kids are talking by the door,01,02,female
03-01-08-02-01-02-02.wav,data\Actor_02\03-01-08-02-01-02-02.wav,03,01,08,surprised,strong,01,Kids are talking by the door,02,02,female
03-01-08-02-02-01-02.wav,data\Actor_02\03-01-08-02-02-01-02.wav,03,01,08,surprised,strong,02,Dogs are sitting by the door,01,02,female
03-01-08-02-02-02-02.wav,data\Actor_02\03-01-08-02-02-02-02.wav,03,01,08,surprised,strong,02,Dogs are sitting by the door,02,02,female
03-01-01-01-01-01-03.wav,data\Actor_03\03-01-01-01-01-01-03.wav,03,01,01,neutral,normal,01,Kids are talking by the door,01,03,male
03-01-01-01-01-02-03.wav,data\Actor_03\03-01-01-01-01-02-03.wav,03,01,01,neutral,normal,01,Kids are talking by the door,02,03,male
03-01-01-01-02-01-03.wav,data\Actor_03\03-01-01-01-02-01-03.wav,03,01,01,neutral,normal,02,Dogs are sitting by the door,01,03,male
03-01-01-01-02-02-03.wav,data\Actor_03\03-01-01-01-02-02-03.wav,03,01,01,neutral,normal,02,Dogs are sitting by the door,02,03,male
03-01-02-01-01-01-03.wav,data\Actor_03\03-01-02-01-01-01-03.wav,03,01,02,calm,normal,01,Kids are talking by the door,01,03,male
03-01-02-01-01-02-03.wav,data\Actor_03\03-01-02-01-01-02-03.wav,03,01,02,calm,normal,01,Kids are talking by the door,02,03,male
03-01-02-01-02-01-03.wav,data\Actor_03\03-01-02-01-02-01-03.wav,03,01,02,calm,normal,02,Dogs are sitting by the door,01,03,male
03-01-02-01-02-02-03.wav,data\Actor_03\03-01-02-01-02-02-03.wav,03,01,02,calm,normal,02,Dogs are sitting by the door,02,03,male
03-01-02-02-01-01-03.wav,data\Actor_03\03-01-02-02-01-01-03.wav,03,01,02,calm,strong,01,Kids are talking by the door,01,03,male
03-01-02-02-01-02-03.wav,data\Actor_03\03-01-02-02-01-02-03.wav,03,01,02,calm,strong,01,Kids are talking by the door,02,03,male
03-01-02-02-02-01-03.wav,data\Actor_03\03-01-02-02-02-01-03.wav,03,01,02,calm,strong,02,Dogs are sitting by the door,01,03,male
03-01-02-02-02-02-03.wav,data\Actor_03\03-01-02-02-02-02-03.wav,03,01,02,calm,strong,02,Dogs are sitting by the door,02,03,male
03-01-03-01-01-01-03.wav,data\Actor_03\03-01-03-01-01-01-03.wav,03,01,03,happy,normal,01,Kids are talking by the door,01,03,male
03-01-03-01-01-02-03.wav,data\Actor_03\03-01-03-01-01-02-03.wav,03,01,03,happy,normal,01,Kids are talking by the door,02,03,male
03-01-03-01-02-01-03.wav,data\Actor_03\03-01-03-01-02-01-03.wav,03,01,03,happy,normal,02,Dogs are sitting by the door,01,03,male
03-01-03-01-02-02-03.wav,data\Actor_03\03-01-03-01-02-02-03.wav,03,01,03,happy,normal,02,Dogs are sitting by the door,02,03,male
03-01-03-02-01-01-03.wav,data\Actor_03\03-01-03-02-01-01-03.wav,03,01,03,happy,strong,01,Kids are talking by the door,01,03,male
03-01-03-02-01-02-03.wav,data\Actor_03\03-01-03-02-01-02-03.wav,03,01,03,happy,strong,01,Kids are talking by the door,02,03,male
03-01-03-02-02-01-03.wav,data\Actor_03\03-01-03-02-02-01-03.wav,03,01,03,happy,strong,02,Dogs are sitting by the door,01,03,male
03-01-03-02-02-02-03.wav,data\Actor_03\03-01-03-02-02-02-03.wav,03,01,03,happy,strong,02,Dogs are sitting by the door,02,03,male
03-01-04-01-01-01-03.wav,data\Actor_03\03-01-04-01-01-01-03.wav,03,01,04,sad,normal,01,Kids are talking by the door,01,03,male
03-01-04-01-01-02-03.wav,data\Actor_03\03-01-04-01-01-02-03.wav,03,01,04,sad,normal,01,Kids are talking by the door,02,03,male
03-01-04-01-02-01-03.wav,data\Actor_03\03-01-04-01-02-01-03.wav,03,01,04,sad,normal,02,Dogs are sitting by the door,01,03,male
03-01-04-01-02-02-03.wav,data\Actor_03\03-01-04-01-02-02-03.wav,03,01,04,sad,normal,02,Dogs are sitting by the door,02,03,male
03-01-04-02-01-01-03.wav,data\Actor_03\03-01-04-02-01-01-03.wav,03,01,04,sad,strong,01,Kids are talking by the door,01,03,male
03-01-04-02-01-02-03.wav,data\Actor_03\03-01-04-02-01-02-03.wav,03,01,04,sad,strong,01,Kids are talking by the door,02,03,male
03-01-04-02-02-01-03.wav,data\Actor_03\03-01-04-02-02-01-03.wav,03,01,04,sad,strong,02,Dogs are sitting by the door,01,03,male
03-01-04-02-02-02-03.wav,data\Actor_03\03-01-04-02-02-02-03.wav,03,01,04,sad,strong,02,Dogs are sitting by the door,02,03,male
03-01-05-01-01-01-03.wav,data\Actor_03\03-01-05-01-01-01-03.wav,03,01,05,angry,normal,01,Kids are talking by the door,01,03,male
03-01-05-01-01-02-03.wav,data\Actor_03\03-01-05-01-01-02-03.wav,03,01,05,angry,normal,01,Kids are talking by the door,02,03,male
03-01-05-01-02-01-03.wav,data\Actor_03\03-01-05-01-02-01-03.wav,03,01,05,angry,normal,02,Dogs are sitting by the door,01,03,male
03-01-05-01-02-02-03.wav,data\Actor_03\03-01-05-01-02-02-03.wav,03,01,05,angry,normal,02,Dogs are sitting by the door,02,03,male
03-01-05-02-01-01-03.wav,data\Actor_03\03-01-05-02-01-01-03.wav,03,01,05,angry,strong,01,Kids are talking by the door,01,03,male
03-01-05-02-01-02-03.wav,data\Actor_03\03-01-05-02-01-02-03.wav,03,01,05,angry,strong,01,Kids are talking by the door,02,03,male
03-01-05-02-02-01-03.wav,data\Actor_03\03-01-05-02-02-01-03.wav,03,01,05,angry,strong,02,Dogs are sitting by the door,01,03,male
03-01-05-02-02-02-03.wav,data\Actor_03\03-01-05-02-02-02-03.wav,03,01,05,angry,strong,02,Dogs are sitting by the door,02,03,male
03-01-06-01-01-01-03.wav,data\Actor_03\03-01-06-01-01-01-03.wav,03,01,06,fearful,normal,01,Kids are talking by the door,01,03,male
03-01-06-01-01-02-03.wav,data\Actor_03\03-01-06-01-01-02-03.wav,03,01,06,fearful,normal,01,Kids are talking by the door,02,03,male
03-01-06-01-02-01-03.wav,data\Actor_03\03-01-06-01-02-01-03.wav,03,01,06,fearful,normal,02,Dogs are sitting by the door,01,03,male
03-01-06-01-02-02-03.wav,data\Actor_03\03-01-06-01-02-02-03.wav,03,01,06,fearful,normal,02,Dogs are sitting by the door,02,03,male
03-01-06-02-01-01-03.wav,data\Actor_03\03-01-06-02-01-01-03.wav,03,01,06,fearful,strong,01,Kids are talking by the door,01,03,male
03-01-06-02-01-02-03.wav,data\Actor_03\03-01-06-02-01-02-03.wav,03,01,06,fearful,strong,01,Kids are talking by the door,02,03,male
03-01-06-02-02-01-03.wav,data\Actor_03\03-01-06-02-02-01-03.wav,03,01,06,fearful,strong,02,Dogs are sitting by the door,01,03,male
03-01-06-02-02-02-03.wav,data\Actor_03\03-01-06-02-02-02-03.wav,03,01,06,fearful,strong,02,Dogs are sitting by the door,02,03,male
03-01-07-01-01-01-03.wav,data\Actor_03\03-01-07-01-01-01-03.wav,03,01,07,disgust,normal,01,Kids are talking by the door,01,03,male
03-01-07-01-01-02-03.wav,data\Actor_03\03-01-07-01-01-02-03.wav,03,01,07,disgust,normal,01,Kids are talking by the door,02,03,male
03-01-07-01-02-01-03.wav,data\Actor_03\03-01-07-01-02-01-03.wav,03,01,07,disgust,normal,02,Dogs are sitting by the door,01,03,male
03-01-07-01-02-02-03.wav,data\Actor_03\03-01-07-01-02-02-03.wav,03,01,07,disgust,normal,02,Dogs are sitting by the door,02,03,male
03-01-07-02-01-01-03.wav,data\Actor_03\03-01-07-02-01-01-03.wav,03,01,07,disgust,strong,01,Kids are talking by the door,01,03,male
03-01-07-02-01-02-03.wav,data\Actor_03\03-01-07-02-01-02-03.wav,03,01,07,disgust,strong,01,Kids are talking by the door,02,03,male
03-01-07-02-02-01-03.wav,data\Actor_03\03-01-07-02-02-01-03.wav,03,01,07,disgust,strong,02,Dogs are sitting by the door,01,03,male
03-01-07-02-02-02-03.wav,data\Actor_03\03-01-07-02-02-02-03.wav,03,01,07,disgust,strong,02,Dogs are sitting by the door,02,03,male
03-01-08-01-01-01-03.wav,data\Actor_03\03-01-08-01-01-01-03.wav,03,01,08,surprised,normal,01,Kids are talking by the door,01,03,male
03-01-08-01-01-02-03.wav,data\Actor_03\03-01-08-01-01-02-03.wav,03,01,08,surprised,normal,01,Kids are talking by the door,02,03,male
03-01-08-01-02-01-03.wav,data\Actor_03\03-01-08-01-02-01-03.wav,03,01,08,surprised,normal,02,Dogs are sitting by the door,01,03,male
03-01-08-01-02-02-03.wav,data\Actor_03\03-01-08-01-02-02-03.wav,03,01,08,surprised,normal,02,Dogs are sitting by the door,02,03,male
03-01-08-02-01-01-03.wav,data\Actor_03\03-01-08-02-01-01-03.wav,03,01,08,surprised,strong,01,Kids are talking by the door,01,03,male
03-01-08-02-01-02-03.wav,data\Actor_03\03-01-08-02-01-02-03.wav,03,01,08,surprised,strong,01,Kids are talking by the door,02,03,male
03-01-08-02-02-01-03.wav,data\Actor_03\03-01-08-02-02-01-03.wav,03,01,08,surprised,strong,02,Dogs are sitting by the door,01,03,male
03-01-08-02-02-02-03.wav,data\Actor_03\03-01-08-02-02-02-03.wav,03,01,08,surprised,strong,02,Dogs are sitting by the door,02,03,male
03-01-01-01-01-01-04.wav,data\Actor_04\03-01-01-01-01-01-04.wav,03,01,01,neutral,normal,01,Kids are talking by the door,01,04,female
03-01-01-01-01-02-04.wav,data\Actor_04\03-01-01-01-01-02-04.wav,03,01,01,neutral,normal,01,Kids are talking by the door,02,04,female
03-01-01-01-02-01-04.wav,data\Actor_04\03-01-01-01-02-01-04.wav,03,01,01,neutral,normal,02,Dogs are sitting by the door,01,04,female
03-01-01-01-02-02-04.wav,data\Actor_04\03-01-01-01-02-02-04.wav,03,01,01,neutral,normal,02,Dogs are sitting by the door,02,04,female
03-01-02-01-01-01-04.wav,data\Actor_04\03-01-02-01-01-01-04.wav,03,01,02,calm,normal,01,Kids are talking by the door,01,04,female
03-01-02-01-01-02-04.wav,data\Actor_04\03-01-02-01-01-02-04.wav,03,01,02,calm,normal,01,Kids are talking by the door,02,04,female
03-01-02-01-02-01-04.wav,data\Actor_04\03-01-02-01-02-01-04.wav,03,01,02,calm,normal,02,Dogs are sitting by the door,01,04,female
03-01-02-01-02-02-04.wav,data\Actor_04\03-01-02-01-02-02-04.wav,03,01,02,calm,normal,02,Dogs are sitting by the door,02,04,female
03-01-02-02-01-01-04.wav,data\Actor_04\03-01-02-02-01-01-04.wav,03,01,02,calm,strong,01,Kids are talking by the door,01,04,female
03-01-02-02-01-02-04.wav,data\Actor_04\03-01-02-02-01-02-04.wav,03,01,02,calm,strong,01,Kids are talking by the door,02,04,female
03-01-02-02-02-01-04.wav,data\Actor_04\03-01-02-02-02-01-04.wav,03,01,02,calm,strong,02,Dogs are sitting by the door,01,04,female
03-01-02-02-02-02-04.wav,data\Actor_04\03-01-02-02-02-02-04.wav,03,01,02,calm,strong,02,Dogs are sitting by the door,02,04,female
03-01-03-01-01-01-04.wav,data\Actor_04\03-01-03-01-01-01-04.wav,03,01,03,happy,normal,01,Kids are talking by the door,01,04,female
03-01-03-01-01-02-04.wav,data\Actor_04\03-01-03-01-01-02-04.wav,03,01,03,happy,normal,01,Kids are talking by the door,02,04,female
03-01-03-01-02-01-04.wav,data\Actor_04\03-01-03-01-02-01-04.wav,03,01,03,happy,normal,02,Dogs are sitting by the door,01,04,female
03-01-03-01-02-02-04.wav,data\Actor_04\03-01-03-01-02-02-04.wav,03,01,03,happy,normal,02,Dogs are sitting by the door,02,04,female
03-01-03-02-01-01-04.wav,data\Actor_04\03-01-03-02-01-01-04.wav,03,01,03,happy,strong,01,Kids are talking by the door,01,04,female
03-01-03-02-01-02-04.wav,data\Actor_04\03-01-03-02-01-02-04.wav,03,01,03,happy,strong,01,Kids are talking by the door,02,04,female
03-01-03-02-02-01-04.wav,data\Actor_04\03-01-03-02-02-01-04.wav,03,01,03,happy,strong,02,Dogs are sitting by the door,01,04,female
03-01-03-02-02-02-04.wav,data\Actor_04\03-01-03-02-02-02-04.wav,03,01,03,happy,strong,02,Dogs are sitting by the door,02,04,female
03-01-04-01-01-01-04.wav,data\Actor_04\03-01-04-01-01-01-04.wav,03,01,04,sad,normal,01,Kids are talking by the door,01,04,female
03-01-04-01-01-02-04.wav,data\Actor_04\03-01-04-01-01-02-04.wav,03,01,04,sad,normal,01,Kids are talking by the door,02,04,female
03-01-04-01-02-01-04.wav,data\Actor_04\03-01-04-01-02-01-04.wav,03,01,04,sad,normal,02,Dogs are sitting by the door,01,04,female
03-01-04-01-02-02-04.wav,data\Actor_04\03-01-04-01-02-02-04.wav,03,01,04,sad,normal,02,Dogs are sitting by the door,02,04,female
03-01-04-02-01-01-04.wav,data\Actor_04\03-01-04-02-01-01-04.wav,03,01,04,sad,strong,01,Kids are talking by the door,01,04,female
03-01-04-02-01-02-04.wav,data\Actor_04\03-01-04-02-01-02-04.wav,03,01,04,sad,strong,01,Kids are talking by the door,02,04,female
03-01-04-02-02-01-04.wav,data\Actor_04\03-01-04-02-02-01-04.wav,03,01,04,sad,strong,02,Dogs are sitting by the door,01,04,female
03-01-04-02-02-02-04.wav,data\Actor_04\03-01-04-02-02-02-04.wav,03,01,04,sad,strong,02,Dogs are sitting by the door,02,04,female
03-01-05-01-01-01-04.wav,data\Actor_04\03-01-05-01-01-01-04.wav,03,01,05,angry,normal,01,Kids are talking by the door,01,04,female
03-01-05-01-01-02-04.wav,data\Actor_04\03-01-05-01-01-02-04.wav,03,01,05,angry,normal,01,Kids are talking by the door,02,04,female
03-01-05-01-02-01-04.wav,data\Actor_04\03-01-05-01-02-01-04.wav,03,01,05,angry,normal,02,Dogs are sitting by the door,01,04,female
03-01-05-01-02-02-04.wav,data\Actor_04\03-01-05-01-02-02-04.wav,03,01,05,angry,normal,02,Dogs are sitting by the door,02,04,female
03-01-05-02-01-01-04.wav,data\Actor_04\03-01-05-02-01-01-04.wav,03,01,05,angry,strong,01,Kids are talking by the door,01,04,female
03-01-05-02-01-02-04.wav,data\Actor_04\03-01-05-02-01-02-04.wav,03,01,05,angry,strong,01,Kids are talking by the door,02,04,female
03-01-05-02-02-01-04.wav,data\Actor_04\03-01-05-02-02-01-04.wav,03,01,05,angry,strong,02,Dogs are sitting by the door,01,04,female
03-01-05-02-02-02-04.wav,data\Actor_04\03-01-05-02-02-02-04.wav,03,01,05,angry,strong,02,Dogs are sitting by the door,02,04,female
03-01-06-01-01-01-04.wav,data\Actor_04\03-01-06-01-01-01-04.wav,03,01,06,fearful,normal,01,Kids are talking by the door,01,04,female
03-01-06-01-01-02-04.wav,data\Actor_04\03-01-06-01-01-02-04.wav,03,01,06,fearful,normal,01,Kids are talking by the door,02,04,female
03-01-06-01-02-01-04.wav,data\Actor_04\03-01-06-01-02-01-04.wav,03,01,06,fearful,normal,02,Dogs are sitting by the door,01,04,female
03-01-06-01-02-02-04.wav,data\Actor_04\03-01-06-01-02-02-04.wav,03,01,06,fearful,normal,02,Dogs are sitting by the door,02,04,female
03-01-06-02-01-01-04.wav,data\Actor_04\03-01-06-02-01-01-04.wav,03,01,06,fearful,strong,01,Kids are talking by the door,01,04,female
03-01-06-02-01-02-04.wav,data\Actor_04\03-01-06-02-01-02-04.wav,03,01,06,fearful,strong,01,Kids are talking by the door,02,04,female
03-01-06-02-02-01-04.wav,data\Actor_04\03-01-06-02-02-01-04.wav,03,01,06,fearful,strong,02,Dogs are sitting by the door,01,04,female
03-01-06-02-02-02-04.wav,data\Actor_04\03-01-06-02-02-02-04.wav,03,01,06,fearful,strong,02,Dogs are sitting by the door,02,04,female
03-01-07-01-01-01-04.wav,data\Actor_04\03-01-07-01-01-01-04.wav,03,01,07,disgust,normal,01,Kids are talking by the door,01,04,female
03-01-07-01-01-02-04.wav,data\Actor_04\03-01-07-01-01-02-04.wav,03,01,07,disgust,normal,01,Kids are talking by the door,02,04,female
03-01-07-01-02-01-04.wav,data\Actor_04\03-01-07-01-02-01-04.wav,03,01,07,disgust,normal,02,Dogs are sitting by the door,01,04,female
03-01-07-01-02-02-04.wav,data\Actor_04\03-01-07-01-02-02-04.wav,03,01,07,disgust,normal,02,Dogs are sitting by the door,02,04,female
03-01-07-02-01-01-04.wav,data\Actor_04\03-01-07-02-01-01-04.wav,03,01,07,disgust,strong,01,Kids are talking by the door,01,04,female
03-01-07-02-01-02-04.wav,data\Actor_04\03-01-07-02-01-02-04.wav,03,01,07,disgust,strong,01,Kids are talking by the door,02,04,female
03-01-07-02-02-01-04.wav,data\Actor_04\03-01-07-02-02-01-04.wav,03,01,07,disgust,strong,02,Dogs are sitting by the door,01,04,female
03-01-07-02-02-02-04.wav,data\Actor_04\03-01-07-02-02-02-04.wav,03,01,07,disgust,strong,02,Dogs are sitting by the door,02,04,female
03-01-08-01-01-01-04.wav,data\Actor_04\03-01-08-01-01-01-04.wav,03,01,08,surprised,normal,01,Kids are talking by the door,01,04,female
03-01-08-01-01-02-04.wav,data\Actor_04\03-01-08-01-01-02-04.wav,03,01,08,surprised,normal,01,Kids are talking by the door,02,04,female
03-01-08-01-02-01-04.wav,data\Actor_04\03-01-08-01-02-01-04.wav,03,01,08,surprised,normal,02,Dogs are sitting by the door,01,04,female
03-01-08-01-02-02-04.wav,data\Actor_04\03-01-08-01-02-02-04.wav,03,01,08,surprised,normal,02,Dogs are sitting by the door,02,04,female
03-01-08-02-01-01-04.wav,data\Actor_04\03-01-08-02-01-01-04.wav,03,01,08,surprised,strong,01,Kids are talking by the door,01,04,female
03-01-08-02-01-02-04.wav,data\Actor_04\03-01-08-02-01-02-04.wav,03,01,08,surprised,strong,01,Kids are talking by the door,02,04,female
03-01-08-02-02-01-04.wav,data\Actor_04\03-01-08-02-02-01-04.wav,03,01,08,surprised,strong,02,Dogs are sitting by the door,01,04,female
03-01-08-02-02-02-04.wav,data\Actor_04\03-01-08-02-02-02-04.wav,03,01,08,surprised,strong,02,Dogs are sitting by the door,02,04,female
03-01-01-01-01-01-05.wav,data\Actor_05\03-01-01-01-01-01-05.wav,03,01,01,neutral,normal,01,Kids are talking by the door,01,05,male
03-01-01-01-01-02-05.wav,data\Actor_05\03-01-01-01-01-02-05.wav,03,01,01,neutral,normal,01,Kids are talking by the door,02,05,male
03-01-01-01-02-01-05.wav,data\Actor_05\03-01-01-01-02-01-05.wav,03,01,01,neutral,normal,02,Dogs are sitting by the door,01,05,male
03-01-01-01-02-02-05.wav,data\Actor_05\03-01-01-01-02-02-05.wav,03,01,01,neutral,normal,02,Dogs are sitting by the door,02,05,male
03-01-02-01-01-01-05.wav,data\Actor_05\03-01-02-01-01-01-05.wav,03,01,02,calm,normal,01,Kids are talking by the door,01,05,male
03-01-02-01-01-02-05.wav,data\Actor_05\03-01-02-01-01-02-05.wav,03,01,02,calm,normal,01,Kids are talking by the door,02,05,male
03-01-02-01-02-01-05.wav,data\Actor_05\03-01-02-01-02-01-05.wav,03,01,02,calm,normal,02,Dogs are sitting by the door,01,05,male
03-01-02-01-02-02-05.wav,data\Actor_05\03-01-02-01-02-02-05.wav,03,01,02,calm,normal,02,Dogs are sitting by the door,02,05,male
03-01-02-02-01-01-05.wav,data\Actor_05\03-01-02-02-01-01-05.wav,03,01,02,calm,strong,01,Kids are talking by the door,01,05,male
03-01-02-02-01-02-05.wav,data\Actor_05\03-01-02-02-01-02-05.wav,03,01,02,calm,strong,01,Kids are talking by the door,02,05,male
03-01-02-02-02-01-05.wav,data\Actor_05\03-01-02-02-02-01-05.wav,03,01,02,calm,strong,02,Dogs are sitting by the door,01,05,male
03-01-02-02-02-02-05.wav,data\Actor_05\03-01-02-02-02-02-05.wav,03,01,02,calm,strong,02,Dogs are sitting by the door,02,05,male
03-01-03-01-01-01-05.wav,data\Actor_05\03-01-03-01-01-01-05.wav,03,01,03,happy,normal,01,Kids are talking by the door,01,05,male
03-01-03-01-01-02-05.wav,data\Actor_05\03-01-03-01-01-02-05.wav,03,01,03,happy,normal,01,Kids are talking by the door,02,05,male
03-01-03-01-02-01-05.wav,data\Actor_05\03-01-03-01-02-01-05.wav,03,01,03,happy,normal,02,Dogs are sitting by the door,01,05,male
03-01-03-01-02-02-05.wav,data\Actor_05\03-01-03-01-02-02-05.wav,03,01,03,happy,normal,02,Dogs are sitting by the door,02,05,male
03-01-03-02-01-01-05.wav,data\Actor_05\03-01-03-02-01-01-05.wav,03,01,03,happy,strong,01,Kids are talking by the door,01,05,male
03-01-03-02-01-02-05.wav,data\Actor_05\03-01-03-02-01-02-05.wav,03,01,03,happy,strong,01,Kids are talking by the door,02,05,male
03-01-03-02-02-01-05.wav,data\Actor_05\03-01-03-02-02-01-05.wav,03,01,03,happy,strong,02,Dogs are sitting by the door,01,05,male
03-01-03-02-02-02-05.wav,data\Actor_05\03-01-03-02-02-02-05.wav,03,01,03,happy,strong,02,Dogs are sitting by the door,02,05,male
03-01-04-01-01-01-05.wav,data\Actor_05\03-01-04-01-01-01-05.wav,03,01,04,sad,normal,01,Kids are talking by the door,01,05,male
03-01-04-01-01-02-05.wav,data\Actor_05\03-01-04-01-01-02-05.wav,03,01,04,sad,normal,01,Kids are talking by the door,02,05,male
03-01-04-01-02-01-05.wav,data\Actor_05\03-01-04-01-02-01-05.wav,03,01,04,sad,normal,02,Dogs are sitting by the door,01,05,male
03-01-04-01-02-02-05.wav,data\Actor_05\03-01-04-01-02-02-05.wav,03,01,04,sad,normal,02,Dogs are sitting by the door,02,05,male
03-01-04-02-01-01-05.wav,data\Actor_05\03-01-04-02-01-01-05.wav,03,01,04,sad,strong,01,Kids are talking by the door,01,05,male
03-01-04-02-01-02-05.wav,data\Actor_05\03-01-04-02-01-02-05.wav,03,01,04,sad,strong,01,Kids are talking by the door,02,05,male
03-01-04-02-02-01-05.wav,data\Actor_05\03-01-04-02-02-01-05.wav,03,01,04,sad,strong,02,Dogs are sitting by the door,01,05,male
03-01-04-02-02-02-05.wav,data\Actor_05\03-01-04-02-02-02-05.wav,03,01,04,sad,strong,02,Dogs are sitting by the door,02,05,male
03-01-05-01-01-01-05.wav,data\Actor_05\03-01-05-01-01-01-05.wav,03,01,05,angry,normal,01,Kids are talking by the door,01,05,male
03-01-05-01-01-02-05.wav,data\Actor_05\03-01-05-01-01-02-05.wav,03,01,05,angry,normal,01,Kids are talking by the door,02,05,male
03-01-05-01-02-01-05.wav,data\Actor_05\03-01-05-01-02-01-05.wav,03,01,05,angry,normal,02,Dogs are sitting by the door,01,05,male
03-01-05-01-02-02-05.wav,data\Actor_05\03-01-05-01-02-02-05.wav,03,01,05,angry,normal,02,Dogs are sitting by the door,02,05,male
03-01-05-02-01-01-05.wav,data\Actor_05\03-01-05-02-01-01-05.wav,03,01,05,angry,strong,01,Kids are talking by the door,01,05,male
03-01-05-02-01-02-05.wav,data\Actor_05\03-01-05-02-01-02-05.wav,03,01,05,angry,strong,01,Kids are talking by the door,02,05,male
03-01-05-02-02-01-05.wav,data\Actor_05\03-01-05-02-02-01-05.wav,03,01,05,angry,strong,02,Dogs are sitting by the door,01,05,male
03-01-05-02-02-02-05.wav,data\Actor_05\03-01-05-02-02-02-05.wav,03,01,05,angry,strong,02,Dogs are sitting by the door,02,05,male
03-01-06-01-01-01-05.wav,data\Actor_05\03-01-06-01-01-01-05.wav,03,01,06,fearful,normal,01,Kids are talking by the door,01,05,male
03-01-06-01-01-02-05.wav,data\Actor_05\03-01-06-01-01-02-05.wav,03,01,06,fearful,normal,01,Kids are talking by the door,02,05,male
03-01-06-01-02-01-05.wav,data\Actor_05\03-01-06-01-02-01-05.wav,03,01,06,fearful,normal,02,Dogs are sitting by the door,01,05,male
03-01-06-01-02-02-05.wav,data\Actor_05\03-01-06-01-02-02-05.wav,03,01,06,fearful,normal,02,Dogs are sitting by the door,02,05,male
03-01-06-02-01-01-05.wav,data\Actor_05\03-01-06-02-01-01-05.wav,03,01,06,fearful,strong,01,Kids are talking by the door,01,05,male
03-01-06-02-01-02-05.wav,data\Actor_05\03-01-06-02-01-02-05.wav,03,01,06,fearful,strong,01,Kids are talking by the door,02,05,male
03-01-06-02-02-01-05.wav,data\Actor_05\03-01-06-02-02-01-05.wav,03,01,06,fearful,strong,02,Dogs are sitting by the door,01,05,male
03-01-06-02-02-02-05.wav,data\Actor_05\03-01-06-02-02-02-05.wav,03,01,06,fearful,strong,02,Dogs are sitting by the door,02,05,male
03-01-07-01-01-01-05.wav,data\Actor_05\03-01-07-01-01-01-05.wav,03,01,07,disgust,normal,01,Kids are talking by the door,01,05,male
03-01-07-01-01-02-05.wav,data\Actor_05\03-01-07-01-01-02-05.wav,03,01,07,disgust,normal,01,Kids are talking by the door,02,05,male
03-01-07-01-02-01-05.wav,data\Actor_05\03-01-07-01-02-01-05.wav,03,01,07,disgust,normal,02,Dogs are sitting by the door,01,05,male
03-01-07-01-02-02-05.wav,data\Actor_05\03-01-07-01-02-02-05.wav,03,01,07,disgust,normal,02,Dogs are sitting by the door,02,05,male
03-01-07-02-01-01-05.wav,data\Actor_05\03-01-07-02-01-01-05.wav,03,01,07,disgust,strong,01,Kids are talking by the door,01,05,male
03-01-07-02-01-02-05.wav,data\Actor_05\03-01-07-02-01-02-05.wav,03,01,07,disgust,strong,01,Kids are talking by the door,02,05,male
03-01-07-02-02-01-05.wav,data\Actor_05\03-01-07-02-02-01-05.wav,03,01,07,disgust,strong,02,Dogs are sitting by the door,01,05,male
03-01-07-02-02-02-05.wav,data\Actor_05\03-01-07-02-02-02-05.wav,03,01,07,disgust,strong,02,Dogs are sitting by the door,02,05,male
03-01-08-01-01-01-05.wav,data\Actor_05\03-01-08-01-01-01-05.wav,03,01,08,surprised,normal,01,Kids are talking by the door,01,05,male
03-01-08-01-01-02-05.wav,data\Actor_05\03-01-08-01-01-02-05.wav,03,01,08,surprised,normal,01,Kids are talking by the door,02,05,male
03-01-08-01-02-01-05.wav,data\Actor_05\03-01-08-01-02-01-05.wav,03,01,08,surprised,normal,02,Dogs are sitting by the door,01,05,male
03-01-08-01-02-02-05.wav,data\Actor_05\03-01-08-01-02-02-05.wav,03,01,08,surprised,normal,02,Dogs are sitting by the door,02,05,male
03-01-08-02-01-01-05.wav,data\Actor_05\03-01-08-02-01-01-05.wav,03,01,08,surprised,strong,01,Kids are talking by the door,01,05,male
03-01-08-02-01-02-05.wav,data\Actor_05\03-01-08-02-01-02-05.wav,03,01,08,surprised,strong,01,Kids are talking by the door,02,05,male
03-01-08-02-02-01-05.wav,data\Actor_05\03-01-08-02-02-01-05.wav,03,01,08,surprised,strong,02,Dogs are sitting by the door,01,05,male
03-01-08-02-02-02-05.wav,data\Actor_05\03-01-08-02-02-02-05.wav,03,01,08,surprised,strong,02,Dogs are sitting by the door,02,05,male
03-01-01-01-01-01-06.wav,data\Actor_06\03-01-01-01-01-01-06.wav,03,01,01,neutral,normal,01,Kids are talking by the door,01,06,female
03-01-01-01-01-02-06.wav,data\Actor_06\03-01-01-01-01-02-06.wav,03,01,01,neutral,normal,01,Kids are talking by the door,02,06,female
03-01-01-01-02-01-06.wav,data\Actor_06\03-01-01-01-02-01-06.wav,03,01,01,neutral,normal,02,Dogs are sitting by the door,01,06,female
03-01-01-01-02-02-06.wav,data\Actor_06\03-01-01-01-02-02-06.wav,03,01,01,neutral,normal,02,Dogs are sitting by the door,02,06,female
03-01-02-01-01-01-06.wav,data\Actor_06\03-01-02-01-01-01-06.wav,03,01,02,calm,normal,01,Kids are talking by the door,01,06,female
03-01-02-01-01-02-06.wav,data\Actor_06\03-01-02-01-01-02-06.wav,03,01,02,calm,normal,01,Kids are talking by the door,02,06,female
03-01-02-01-02-01-06.wav,data\Actor_06\03-01-02-01-02-01-06.wav,03,01,02,calm,normal,02,Dogs are sitting by the door,01,06,female
03-01-02-01-02-02-06.wav,data\Actor_06\03-01-02-01-02-02-06.wav,03,01,02,calm,normal,02,Dogs are sitting by the door,02,06,female
03-01-02-02-01-01-06.wav,data\Actor_06\03-01-02-02-01-01-06.wav,03,01,02,calm,strong,01,Kids are talking by the door,01,06,female
03-01-02-02-01-02-06.wav,data\Actor_06\03-01-02-02-01-02-06.wav,03,01,02,calm,strong,01,Kids are talking by the door,02,06,female
03-01-02-02-02-01-06.wav,data\Actor_06\03-01-02-02-02-01-06.wav,03,01,02,calm,strong,02,Dogs are sitting by the door,01,06,female
03-01-02-02-02-02-06.wav,data\Actor_06\03-01-02-02-02-02-06.wav,03,01,02,calm,strong,02,Dogs are sitting by the door,02,06,female
03-01-03-01-01-01-06.wav,data\Actor_06\03-01-03-01-01-01-06.wav,03,01,03,happy,normal,01,Kids are talking by the door,01,06,female
03-01-03-01-01-02-06.wav,data\Actor_06\03-01-03-01-01-02-06.wav,03,01,03,happy,normal,01,Kids are talking by the door,02,06,female
03-01-03-01-02-01-06.wav,data\Actor_06\03-01-03-01-02-01-06.wav,03,01,03,happy,normal,02,Dogs are sitting by the door,01,06,female
03-01-03-01-02-02-06.wav,data\Actor_06\03-01-03-01-02-02-06.wav,03,01,03,happy,normal,02,Dogs are sitting by the door,02,06,female
03-01-03-02-01-01-06.wav,data\Actor_06\03-01-03-02-01-01-06.wav,03,01,03,happy,strong,01,Kids are talking by the door,01,06,female
03-01-03-02-01-02-06.wav,data\Actor_06\03-01-03-02-01-02-06.wav,03,01,03,happy,strong,01,Kids are talking by the door,02,06,female
03-01-03-02-02-01-06.wav,data\Actor_06\03-01-03-02-02-01-06.wav,03,01,03,happy,strong,02,Dogs are sitting by the door,01,06,female
03-01-03-02-02-02-06.wav,data\Actor_06\03-01-03-02-02-02-06.wav,03,01,03,happy,strong,02,Dogs are sitting by the door,02,06,female
03-01-04-01-01-01-06.wav,data\Actor_06\03-01-04-01-01-01-06.wav,03,01,04,sad,normal,01,Kids are talking by the door,01,06,female
03-01-04-01-01-02-06.wav,data\Actor_06\03-01-04-01-01-02-06.wav,03,01,04,sad,normal,01,Kids are talking by the door,02,06,female
03-01-04-01-02-01-06.wav,data\Actor_06\03-01-04-01-02-01-06.wav,03,01,04,sad,normal,02,Dogs are sitting by the door,01,06,female
03-01-04-01-02-02-06.wav,data\Actor_06\03-01-04-01-02-02-06.wav,03,01,04,sad,normal,02,Dogs are sitting by the door,02,06,female
03-01-04-02-01-01-06.wav,data\Actor_06\03-01-04-02-01-01-06.wav,03,01,04,sad,strong,01,Kids are talking by the door,01,06,female
03-01-04-02-01-02-06.wav,data\Actor_06\03-01-04-02-01-02-06.wav,03,01,04,sad,strong,01,Kids are talking by the door,02,06,female
03-01-04-02-02-01-06.wav,data\Actor_06\03-01-04-02-02-01-06.wav,03,01,04,sad,strong,02,Dogs are sitting by the door,01,06,female
03-01-04-02-02-02-06.wav,data\Actor_06\03-01-04-02-02-02-06.wav,03,01,04,sad,strong,02,Dogs are sitting by the door,02,06,female
03-01-05-01-01-01-06.wav,data\Actor_06\03-01-05-01-01-01-06.wav,03,01,05,angry,normal,01,Kids are talking by the door,01,06,female
03-01-05-01-01-02-06.wav,data\Actor_06\03-01-05-01-01-02-06.wav,03,01,05,angry,normal,01,Kids are talking by the door,02,06,female
03-01-05-01-02-01-06.wav,data\Actor_06\03-01-05-01-02-01-06.wav,03,01,05,angry,normal,02,Dogs are sitting by the door,01,06,female
03-01-05-01-02-02-06.wav,data\Actor_06\03-01-05-01-02-02-06.wav,03,01,05,angry,normal,02,Dogs are sitting by the door,02,06,female
03-01-05-02-01-01-06.wav,data\Actor_06\03-01-05-02-01-01-06.wav,03,01,05,angry,strong,01,Kids are talking by the door,01,06,female
03-01-05-02-01-02-06.wav,data\Actor_06\03-01-05-02-01-02-06.wav,03,01,05,angry,strong,01,Kids are talking by the door,02,06,female
03-01-05-02-02-01-06.wav,data\Actor_06\03-01-05-02-02-01-06.wav,03,01,05,angry,strong,02,Dogs are sitting by the door,01,06,female
03-01-05-02-02-02-06.wav,data\Actor_06\03-01-05-02-02-02-06.wav,03,01,05,angry,strong,02,Dogs are sitting by the door,02,06,female
03-01-06-01-01-01-06.wav,data\Actor_06\03-01-06-01-01-01-06.wav,03,01,06,fearful,normal,01,Kids are talking by the door,01,06,female
03-01-06-01-01-02-06.wav,data\Actor_06\03-01-06-01-01-02-06.wav,03,01,06,fearful,normal,01,Kids are talking by the door,02,06,female
03-01-06-01-02-01-06.wav,data\Actor_06\03-01-06-01-02-01-06.wav,03,01,06,fearful,normal,02,Dogs are sitting by the door,01,06,female
03-01-06-01-02-02-06.wav,data\Actor_06\03-01-06-01-02-02-06.wav,03,01,06,fearful,normal,02,Dogs are sitting by the door,02,06,female
03-01-06-02-01-01-06.wav,data\Actor_06\03-01-06-02-01-01-06.wav,03,01,06,fearful,strong,01,Kids are talking by the door,01,06,female
03-01-06-02-01-02-06.wav,data\Actor_06\03-01-06-02-01-02-06.wav,03,01,06,fearful,strong,01,Kids are talking by the door,02,06,female
03-01-06-02-02-01-06.wav,data\Actor_06\03-01-06-02-02-01-06.wav,03,01,06,fearful,strong,02,Dogs are sitting by the door,01,06,female
03-01-06-02-02-02-06.wav,data\Actor_06\03-01-06-02-02-02-06.wav,03,01,06,fearful,strong,02,Dogs are sitting by the door,02,06,female
03-01-07-01-01-01-06.wav,data\Actor_06\03-01-07-01-01-01-06.wav,03,01,07,disgust,normal,01,Kids are talking by the door,01,06,female
03-01-07-01-01-02-06.wav,data\Actor_06\03-01-07-01-01-02-06.wav,03,01,07,disgust,normal,01,Kids are talking by the door,02,06,female
03-01-07-01-02-01-06.wav,data\Actor_06\03-01-07-01-02-01-06.wav,03,01,07,disgust,normal,02,Dogs are sitting by the door,01,06,female
03-01-07-01-02-02-06.wav,data\Actor_06\03-01-07-01-02-02-06.wav,03,01,07,disgust,normal,02,Dogs are sitting by the door,02,06,female
03-01-07-02-01-01-06.wav,data\Actor_06\03-01-07-02-01-01-06.wav,03,01,07,disgust,strong,01,Kids are talking by the door,01,06,female
03-01-07-02-01-02-06.wav,data\Actor_06\03-01-07-02-01-02-06.wav,03,01,07,disgust,strong,01,Kids are talking by the door,02,06,female
03-01-07-02-02-01-06.wav,data\Actor_06\03-01-07-02-02-01-06.wav,03,01,07,disgust,strong,02,Dogs are sitting by the door,01,06,female
03-01-07-02-02-02-06.wav,data\Actor_06\03-01-07-02-02-02-06.wav,03,01,07,disgust,strong,02,Dogs are sitting by the door,02,06,female
03-01-08-01-01-01-06.wav,data\Actor_06\03-01-08-01-01-01-06.wav,03,01,08,surprised,normal,01,Kids are talking by the door,01,06,female
03-01-08-01-01-02-06.wav,data\Actor_06\03-01-08-01-01-02-06.wav,03,01,08,surprised,normal,01,Kids are talking by the door,02,06,female
03-01-08-01-02-01-06.wav,data\Actor_06\03-01-08-01-02-01-06.wav,03,01,08,surprised,normal,02,Dogs are sitting by the door,01,06,female
03-01-08-01-02-02-06.wav,data\Actor_06\03-01-08-01-02-02-06.wav,03,01,08,surprised,normal,02,Dogs are sitting by the door,02,06,female
03-01-08-02-01-01-06.wav,data\Actor_06\03-01-08-02-01-01-06.wav,03,01,08,surprised,strong,01,Kids are talking by the door,01,06,female
03-01-08-02-01-02-06.wav,data\Actor_06\03-01-08-02-01-02-06.wav,03,01,08,surprised,strong,01,Kids are talking by the door,02,06,female
03-01-08-02-02-01-06.wav,data\Actor_06\03-01-08-02-02-01-06.wav,03,01,08,surprised,strong,02,Dogs are sitting by the door,01,06,female
03-01-08-02-02-02-06.wav,data\Actor_06\03-01-08-02-02-02-06.wav,03,01,08,surprised,strong,02,Dogs are sitting by the door,02,06,female
03-01-01-01-01-01-07.wav,data\Actor_07\03-01-01-01-01-01-07.wav,03,01,01,neutral,normal,01,Kids are talking by the door,01,07,male
03-01-01-01-01-02-07.wav,data\Actor_07\03-01-01-01-01-02-07.wav,03,01,01,neutral,normal,01,Kids are talking by the door,02,07,male
03-01-01-01-02-01-07.wav,data\Actor_07\03-01-01-01-02-01-07.wav,03,01,01,neutral,normal,02,Dogs are sitting by the door,01,07,male
03-01-01-01-02-02-07.wav,data\Actor_07\03-01-01-01-02-02-07.wav,03,01,01,neutral,normal,02,Dogs are sitting by the door,02,07,male
03-01-02-01-01-01-07.wav,data\Actor_07\03-01-02-01-01-01-07.wav,03,01,02,calm,normal,01,Kids are talking by the door,01,07,male
03-01-02-01-01-02-07.wav,data\Actor_07\03-01-02-01-01-02-07.wav,03,01,02,calm,normal,01,Kids are talking by the door,02,07,male
03-01-02-01-02-01-07.wav,data\Actor_07\03-01-02-01-02-01-07.wav,03,01,02,calm,normal,02,Dogs are sitting by the door,01,07,male
03-01-02-01-02-02-07.wav,data\Actor_07\03-01-02-01-02-02-07.wav,03,01,02,calm,normal,02,Dogs are sitting by the door,02,07,male
03-01-02-02-01-01-07.wav,data\Actor_07\03-01-02-02-01-01-07.wav,03,01,02,calm,strong,01,Kids are talking by the door,01,07,male
03-01-02-02-01-02-07.wav,data\Actor_07\03-01-02-02-01-02-07.wav,03,01,02,calm,strong,01,Kids are talking by the door,02,07,male
03-01-02-02-02-01-07.wav,data\Actor_07\03-01-02-02-02-01-07.wav,03,01,02,calm,strong,02,Dogs are sitting by the door,01,07,male
03-01-02-02-02-02-07.wav,data\Actor_07\03-01-02-02-02-02-07.wav,03,01,02,calm,strong,02,Dogs are sitting by the door,02,07,male
03-01-03-01-01-01-07.wav,data\Actor_07\03-01-03-01-01-01-07.wav,03,01,03,happy,normal,01,Kids are talking by the door,01,07,male
03-01-03-01-01-02-07.wav,data\Actor_07\03-01-03-01-01-02-07.wav,03,01,03,happy,normal,01,Kids are talking by the door,02,07,male
03-01-03-01-02-01-07.wav,data\Actor_07\03-01-03-01-02-01-07.wav,03,01,03,happy,normal,02,Dogs are sitting by the door,01,07,male
03-01-03-01-02-02-07.wav,data\Actor_07\03-01-03-01-02-02-07.wav,03,01,03,happy,normal,02,Dogs are sitting by the door,02,07,male
03-01-03-02-01-01-07.wav,data\Actor_07\03-01-03-02-01-01-07.wav,03,01,03,happy,strong,01,Kids are talking by the door,01,07,male
03-01-03-02-01-02-07.wav,data\Actor_07\03-01-03-02-01-02-07.wav,03,01,03,happy,strong,01,Kids are talking by the door,02,07,male
03-01-03-02-02-01-07.wav,data\Actor_07\03-01-03-02-02-01-07.wav,03,01,03,happy,strong,02,Dogs are sitting by the door,01,07,male
03-01-03-02-02-02-07.wav,data\Actor_07\03-01-03-02-02-02-07.wav,03,01,03,happy,strong,02,Dogs are sitting by the door,02,07,male
03-01-04-01-01-01-07.wav,data\Actor_07\03-01-04-01-01-01-07.wav,03,01,04,sad,normal,01,Kids are talking by the door,01,07,male
03-01-04-01-01-02-07.wav,data\Actor_07\03-01-04-01-01-02-07.wav,03,01,04,sad,normal,01,Kids are talking by the door,02,07,male
03-01-04-01-02-01-07.wav,data\Actor_07\03-01-04-01-02-01-07.wav,03,01,04,sad,normal,02,Dogs are sitting by the door,01,07,male
03-01-04-01-02-02-07.wav,data\Actor_07\03-01-04-01-02-02-07.wav,03,01,04,sad,normal,02,Dogs are sitting by the door,02,07,male
03-01-04-02-01-01-07.wav,data\Actor_07\03-01-04-02-01-01-07.wav,03,01,04,sad,strong,01,Kids are talking by the door,01,07,male
03-01-04-02-01-02-07.wav,data\Actor_07\03-01-04-02-01-02-07.wav,03,01,04,sad,strong,01,Kids are talking by the door,02,07,male
03-01-04-02-02-01-07.wav,data\Actor_07\03-01-04-02-02-01-07.wav,03,01,04,sad,strong,02,Dogs are sitting by the door,01,07,male
03-01-04-02-02-02-07.wav,data\Actor_07\03-01-04-02-02-02-07.wav,03,01,04,sad,strong,02,Dogs are sitting by the door,02,07,male
03-01-05-01-01-01-07.wav,data\Actor_07\03-01-05-01-01-01-07.wav,03,01,05,angry,normal,01,Kids are talking by the door,01,07,male
03-01-05-01-01-02-07.wav,data\Actor_07\03-01-05-01-01-02-07.wav,03,01,05,angry,normal,01,Kids are talking by the door,02,07,male
03-01-05-01-02-01-07.wav,data\Actor_07\03-01-05-01-02-01-07.wav,03,01,05,angry,normal,02,Dogs are sitting by the door,01,07,male
03-01-05-01-02-02-07.wav,data\Actor_07\03-01-05-01-02-02-07.wav,03,01,05,angry,normal,02,Dogs are sitting by the door,02,07,male
03-01-05-02-01-01-07.wav,data\Actor_07\03-01-05-02-01-01-07.wav,03,01,05,angry,strong,01,Kids are talking by the door,01,07,male
03-01-05-02-01-02-07.wav,data\Actor_07\03-01-05-02-01-02-07.wav,03,01,05,angry,strong,01,Kids are talking by the door,02,07,male
03-01-05-02-02-01-07.wav,data\Actor_07\03-01-05-02-02-01-07.wav,03,01,05,angry,strong,02,Dogs are sitting by the door,01,07,male
03-01-05-02-02-02-07.wav,data\Actor_07\03-01-05-02-02-02-07.wav,03,01,05,angry,strong,02,Dogs are sitting by the door,02,07,male
03-01-06-01-01-01-07.wav,data\Actor_07\03-01-06-01-01-01-07.wav,03,01,06,fearful,normal,01,Kids are talking by the door,01,07,male
03-01-06-01-01-02-07.wav,data\Actor_07\03-01-06-01-01-02-07.wav,03,01,06,fearful,normal,01,Kids are talking by the door,02,07,male
03-01-06-01-02-01-07.wav,data\Actor_07\03-01-06-01-02-01-07.wav,03,01,06,fearful,normal,02,Dogs are sitting by the door,01,07,male
03-01-06-01-02-02-07.wav,data\Actor_07\03-01-06-01-02-02-07.wav,03,01,06,fearful,normal,02,Dogs are sitting by the door,02,07,male
03-01-06-02-01-01-07.wav,data\Actor_07\03-01-06-02-01-01-07.wav,03,01,06,fearful,strong,01,Kids are talking by the door,01,07,male
03-01-06-02-01-02-07.wav,data\Actor_07\03-01-06-02-01-02-07.wav,03,01,06,fearful,strong,01,Kids are talking by the door,02,07,male
03-01-06-02-02-01-07.wav,data\Actor_07\03-01-06-02-02-01-07.wav,03,01,06,fearful,strong,02,Dogs are sitting by the door,01,07,male
03-01-06-02-02-02-07.wav,data\Actor_07\03-01-06-02-02-02-07.wav,03,01,06,fearful,strong,02,Dogs are sitting by the door,02,07,male
03-01-07-01-01-01-07.wav,data\Actor_07\03-01-07-01-01-01-07.wav,03,01,07,disgust,normal,01,Kids are talking by the door,01,07,male
03-01-07-01-01-02-07.wav,data\Actor_07\03-01-07-01-01-02-07.wav,03,01,07,disgust,normal,01,Kids are talking by the door,02,07,male
03-01-07-01-02-01-07.wav,data\Actor_07\03-01-07-01-02-01-07.wav,03,01,07,disgust,normal,02,Dogs are sitting by the door,01,07,male
03-01-07-01-02-02-07.wav,data\Actor_07\03-01-07-01-02-02-07.wav,03,01,07,disgust,normal,02,Dogs are sitting by the door,02,07,male
03-01-07-02-01-01-07.wav,data\Actor_07\03-01-07-02-01-01-07.wav,03,01,07,disgust,strong,01,Kids are talking by the door,01,07,male
03-01-07-02-01-02-07.wav,data\Actor_07\03-01-07-02-01-02-07.wav,03,01,07,disgust,strong,01,Kids are talking by the door,02,07,male
03-01-07-02-02-01-07.wav,data\Actor_07\03-01-07-02-02-01-07.wav,03,01,07,disgust,strong,02,Dogs are sitting by the door,01,07,male
03-01-07-02-02-02-07.wav,data\Actor_07\03-01-07-02-02-02-07.wav,03,01,07,disgust,strong,02,Dogs are sitting by the door,02,07,male
03-01-08-01-01-01-07.wav,data\Actor_07\03-01-08-01-01-01-07.wav,03,01,08,surprised,normal,01,Kids are talking by the door,01,07,male
03-01-08-01-01-02-07.wav,data\Actor_07\03-01-08-01-01-02-07.wav,03,01,08,surprised,normal,01,Kids are talking by the door,02,07,male
03-01-08-01-02-01-07.wav,data\Actor_07\03-01-08-01-02-01-07.wav,03,01,08,surprised,normal,02,Dogs are sitting by the door,01,07,male
03-01-08-01-02-02-07.wav,data\Actor_07\03-01-08-01-02-02-07.wav,03,01,08,surprised,normal,02,Dogs are sitting by the door,02,07,male
03-01-08-02-01-01-07.wav,data\Actor_07\03-01-08-02-01-01-07.wav,03,01,08,surprised,strong,01,Kids are talking by the door,01,07,male
03-01-08-02-01-02-07.wav,data\Actor_07\03-01-08-02-01-02-07.wav,03,01,08,surprised,strong,01,Kids are talking by the door,02,07,male
03-01-08-02-02-01-07.wav,data\Actor_07\03-01-08-02-02-01-07.wav,03,01,08,surprised,strong,02,Dogs are sitting by the door,01,07,male
03-01-08-02-02-02-07.wav,data\Actor_07\03-01-08-02-02-02-07.wav,03,01,08,surprised,strong,02,Dogs are sitting by the door,02,07,male
03-01-01-01-01-01-08.wav,data\Actor_08\03-01-01-01-01-01-08.wav,03,01,01,neutral,normal,01,Kids are talking by the door,01,08,female
03-01-01-01-01-02-08.wav,data\Actor_08\03-01-01-01-01-02-08.wav,03,01,01,neutral,normal,01,Kids are talking by the door,02,08,female
03-01-01-01-02-01-08.wav,data\Actor_08\03-01-01-01-02-01-08.wav,03,01,01,neutral,normal,02,Dogs are sitting by the door,01,08,female
03-01-01-01-02-02-08.wav,data\Actor_08\03-01-01-01-02-02-08.wav,03,01,01,neutral,normal,02,Dogs are sitting by the door,02,08,female
03-01-02-01-01-01-08.wav,data\Actor_08\03-01-02-01-01-01-08.wav,03,01,02,calm,normal,01,Kids are talking by the door,01,08,female
03-01-02-01-01-02-08.wav,data\Actor_08\03-01-02-01-01-02-08.wav,03,01,02,calm,normal,01,Kids are talking by the door,02,08,female
03-01-02-01-02-01-08.wav,data\Actor_08\03-01-02-01-02-01-08.wav,03,01,02,calm,normal,02,Dogs are sitting by the door,01,08,female
03-01-02-01-02-02-08.wav,data\Actor_08\03-01-02-01-02-02-08.wav,03,01,02,calm,normal,02,Dogs are sitting by the door,02,08,female
03-01-02-02-01-01-08.wav,data\Actor_08\03-01-02-02-01-01-08.wav,03,01,02,calm,strong,01,Kids are talking by the door,01,08,female
03-01-02-02-01-02-08.wav,data\Actor_08\03-01-02-02-01-02-08.wav,03,01,02,calm,strong,01,Kids are talking by the door,02,08,female
03-01-02-02-02-01-08.wav,data\Actor_08\03-01-02-02-02-01-08.wav,03,01,02,calm,strong,02,Dogs are sitting by the door,01,08,female
03-01-02-02-02-02-08.wav,data\Actor_08\03-01-02-02-02-02-08.wav,03,01,02,calm,strong,02,Dogs are sitting by the door,02,08,female
03-01-03-01-01-01-08.wav,data\Actor_08\03-01-03-01-01-01-08.wav,03,01,03,happy,normal,01,Kids are talking by the door,01,08,female
03-01-03-01-01-02-08.wav,data\Actor_08\03-01-03-01-01-02-08.wav,03,01,03,happy,normal,01,Kids are talking by the door,02,08,female
03-01-03-01-02-01-08.wav,data\Actor_08\03-01-03-01-02-01-08.wav,03,01,03,happy,normal,02,Dogs are sitting by the door,01,08,female
03-01-03-01-02-02-08.wav,data\Actor_08\03-01-03-01-02-02-08.wav,03,01,03,happy,normal,02,Dogs are sitting by the door,02,08,female
03-01-03-02-01-01-08.wav,data\Actor_08\03-01-03-02-01-01-08.wav,03,01,03,happy,strong,01,Kids are talking by the door,01,08,female
03-01-03-02-01-02-08.wav,data\Actor_08\03-01-03-02-01-02-08.wav,03,01,03,happy,strong,01,Kids are talking by the door,02,08,female
03-01-03-02-02-01-08.wav,data\Actor_08\03-01-03-02-02-01-08.wav,03,01,03,happy,strong,02,Dogs are sitting by the door,01,08,female
03-01-03-02-02-02-08.wav,data\Actor_08\03-01-03-02-02-02-08.wav,03,01,03,happy,strong,02,Dogs are sitting by the door,02,08,female
03-01-04-01-01-01-08.wav,data\Actor_08\03-01-04-01-01-01-08.wav,03,01,04,sad,normal,01,Kids are talking by the door,01,08,female
03-01-04-01-01-02-08.wav,data\Actor_08\03-01-04-01-01-02-08.wav,03,01,04,sad,normal,01,Kids are talking by the door,02,08,female
03-01-04-01-02-01-08.wav,data\Actor_08\03-01-04-01-02-01-08.wav,03,01,04,sad,normal,02,Dogs are sitting by the door,01,08,female
03-01-04-01-02-02-08.wav,data\Actor_08\03-01-04-01-02-02-08.wav,03,01,04,sad,normal,02,Dogs are sitting by the door,02,08,female
03-01-04-02-01-01-08.wav,data\Actor_08\03-01-04-02-01-01-08.wav,03,01,04,sad,strong,01,Kids are talking by the door,01,08,female
03-01-04-02-01-02-08.wav,data\Actor_08\03-01-04-02-01-02-08.wav,03,01,04,sad,strong,01,Kids are talking by the door,02,08,female
03-01-04-02-02-01-08.wav,data\Actor_08\03-01-04-02-02-01-08.wav,03,01,04,sad,strong,02,Dogs are sitting by the door,01,08,female
03-01-04-02-02-02-08.wav,data\Actor_08\03-01-04-02-02-02-08.wav,03,01,04,sad,strong,02,Dogs are sitting by the door,02,08,female
03-01-05-01-01-01-08.wav,data\Actor_08\03-01-05-01-01-01-08.wav,03,01,05,angry,normal,01,Kids are talking by the door,01,08,female
03-01-05-01-01-02-08.wav,data\Actor_08\03-01-05-01-01-02-08.wav,03,01,05,angry,normal,01,Kids are talking by the door,02,08,female
03-01-05-01-02-01-08.wav,data\Actor_08\03-01-05-01-02-01-08.wav,03,01,05,angry,normal,02,Dogs are sitting by the door,01,08,female
03-01-05-01-02-02-08.wav,data\Actor_08\03-01-05-01-02-02-08.wav,03,01,05,angry,normal,02,Dogs are sitting by the door,02,08,female
03-01-05-02-01-01-08.wav,data\Actor_08\03-01-05-02-01-01-08.wav,03,01,05,angry,strong,01,Kids are talking by the door,01,08,female
03-01-05-02-01-02-08.wav,data\Actor_08\03-01-05-02-01-02-08.wav,03,01,05,angry,strong,01,Kids are talking by the door,02,08,female
03-01-05-02-02-01-08.wav,data\Actor_08\03-01-05-02-02-01-08.wav,03,01,05,angry,strong,02,Dogs are sitting by the door,01,08,female
03-01-05-02-02-02-08.wav,data\Actor_08\03-01-05-02-02-02-08.wav,03,01,05,angry,strong,02,Dogs are sitting by the door,02,08,female
03-01-06-01-01-01-08.wav,data\Actor_08\03-01-06-01-01-01-08.wav,03,01,06,fearful,normal,01,Kids are talking by the door,01,08,female
03-01-06-01-01-02-08.wav,data\Actor_08\03-01-06-01-01-02-08.wav,03,01,06,fearful,normal,01,Kids are talking by the door,02,08,female
03-01-06-01-02-01-08.wav,data\Actor_08\03-01-06-01-02-01-08.wav,03,01,06,fearful,normal,02,Dogs are sitting by the door,01,08,female
03-01-06-01-02-02-08.wav,data\Actor_08\03-01-06-01-02-02-08.wav,03,01,06,fearful,normal,02,Dogs are sitting by the door,02,08,female
03-01-06-02-01-01-08.wav,data\Actor_08\03-01-06-02-01-01-08.wav,03,01,06,fearful,strong,01,Kids are talking by the door,01,08,female
03-01-06-02-01-02-08.wav,data\Actor_08\03-01-06-02-01-02-08.wav,03,01,06,fearful,strong,01,Kids are talking by the door,02,08,female
03-01-06-02-02-01-08.wav,data\Actor_08\03-01-06-02-02-01-08.wav,03,01,06,fearful,strong,02,Dogs are sitting by the door,01,08,female
03-01-06-02-02-02-08.wav,data\Actor_08\03-01-06-02-02-02-08.wav,03,01,06,fearful,strong,02,Dogs are sitting by the door,02,08,female
03-01-07-01-01-01-08.wav,data\Actor_08\03-01-07-01-01-01-08.wav,03,01,07,disgust,normal,01,Kids are talking by the door,01,08,female
03-01-07-01-01-02-08.wav,data\Actor_08\03-01-07-01-01-02-08.wav,03,01,07,disgust,normal,01,Kids are talking by the door,02,08,female
03-01-07-01-02-01-08.wav,data\Actor_08\03-01-07-01-02-01-08.wav,03,01,07,disgust,normal,02,Dogs are sitting by the door,01,08,female
03-01-07-01-02-02-08.wav,data\Actor_08\03-01-07-01-02-02-08.wav,03,01,07,disgust,normal,02,Dogs are sitting by the door,02,08,female
03-01-07-02-01-01-08.wav,data\Actor_08\03-01-07-02-01-01-08.wav,03,01,07,disgust,strong,01,Kids are talking by the door,01,08,female
03-01-07-02-01-02-08.wav,data\Actor_08\03-01-07-02-01-02-08.wav,03,01,07,disgust,strong,01,Kids are talking by the door,02,08,female
03-01-07-02-02-01-08.wav,data\Actor_08\03-01-07-02-02-01-08.wav,03,01,07,disgust,strong,02,Dogs are sitting by the door,01,08,female
03-01-07-02-02-02-08.wav,data\Actor_08\03-01-07-02-02-02-08.wav,03,01,07,disgust,strong,02,Dogs are sitting by the door,02,08,female
03-01-08-01-01-01-08.wav,data\Actor_08\03-01-08-01-01-01-08.wav,03,01,08,surprised,normal,01,Kids are talking by the door,01,08,female
03-01-08-01-01-02-08.wav,data\Actor_08\03-01-08-01-01-02-08.wav,03,01,08,surprised,normal,01,Kids are talking by the door,02,08,female
03-01-08-01-02-01-08.wav,data\Actor_08\03-01-08-01-02-01-08.wav,03,01,08,surprised,normal,02,Dogs are sitting by the door,01,08,female
03-01-08-01-02-02-08.wav,data\Actor_08\03-01-08-01-02-02-08.wav,03,01,08,surprised,normal,02,Dogs are sitting by the door,02,08,female
03-01-08-02-01-01-08.wav,data\Actor_08\03-01-08-02-01-01-08.wav,03,01,08,surprised,strong,01,Kids are talking by the door,01,08,female
03-01-08-02-01-02-08.wav,data\Actor_08\03-01-08-02-01-02-08.wav,03,01,08,surprised,strong,01,Kids are talking by the door,02,08,female
03-01-08-02-02-01-08.wav,data\Actor_08\03-01-08-02-02-01-08.wav,03,01,08,surprised,strong,02,Dogs are sitting by the door,01,08,female
03-01-08-02-02-02-08.wav,data\Actor_08\03-01-08-02-02-02-08.wav,03,01,08,surprised,strong,02,Dogs are sitting by the door,02,08,female
03-01-01-01-01-01-09.wav,data\Actor_09\03-01-01-01-01-01-09.wav,03,01,01,neutral,normal,01,Kids are talking by the door,01,09,male
03-01-01-01-01-02-09.wav,data\Actor_09\03-01-01-01-01-02-09.wav,03,01,01,neutral,normal,01,Kids are talking by the door,02,09,male
03-01-01-01-02-01-09.wav,data\Actor_09\03-01-01-01-02-01-09.wav,03,01,01,neutral,normal,02,Dogs are sitting by the door,01,09,male
03-01-01-01-02-02-09.wav,data\Actor_09\03-01-01-01-02-02-09.wav,03,01,01,neutral,normal,02,Dogs are sitting by the door,02,09,male
03-01-02-01-01-01-09.wav,data\Actor_09\03-01-02-01-01-01-09.wav,03,01,02,calm,normal,01,Kids are talking by the door,01,09,male
03-01-02-01-01-02-09.wav,data\Actor_09\03-01-02-01-01-02-09.wav,03,01,02,calm,normal,01,Kids are talking by the door,02,09,male
03-01-02-01-02-01-09.wav,data\Actor_09\03-01-02-01-02-01-09.wav,03,01,02,calm,normal,02,Dogs are sitting by the door,01,09,male
03-01-02-01-02-02-09.wav,data\Actor_09\03-01-02-01-02-02-09.wav,03,01,02,calm,normal,02,Dogs are sitting by the door,02,09,male
03-01-02-02-01-01-09.wav,data\Actor_09\03-01-02-02-01-01-09.wav,03,01,02,calm,strong,01,Kids are talking by the door,01,09,male
03-01-02-02-01-02-09.wav,data\Actor_09\03-01-02-02-01-02-09.wav,03,01,02,calm,strong,01,Kids are talking by the door,02,09,male
03-01-02-02-02-01-09.wav,data\Actor_09\03-01-02-02-02-01-09.wav,03,01,02,calm,strong,02,Dogs are sitting by the door,01,09,male
03-01-02-02-02-02-09.wav,data\Actor_09\03-01-02-02-02-02-09.wav,03,01,02,calm,strong,02,Dogs are sitting by the door,02,09,male
03-01-03-01-01-01-09.wav,data\Actor_09\03-01-03-01-01-01-09.wav,03,01,03,happy,normal,01,Kids are talking by the door,01,09,male
03-01-03-01-01-02-09.wav,data\Actor_09\03-01-03-01-01-02-09.wav,03,01,03,happy,normal,01,Kids are talking by the door,02,09,male
03-01-03-01-02-01-09.wav,data\Actor_09\03-01-03-01-02-01-09.wav,03,01,03,happy,normal,02,Dogs are sitting by the door,01,09,male
03-01-03-01-02-02-09.wav,data\Actor_09\03-01-03-01-02-02-09.wav,03,01,03,happy,normal,02,Dogs are sitting by the door,02,09,male
03-01-03-02-01-01-09.wav,data\Actor_09\03-01-03-02-01-01-09.wav,03,01,03,happy,strong,01,Kids are talking by the door,01,09,male
03-01-03-02-01-02-09.wav,data\Actor_09\03-01-03-02-01-02-09.wav,03,01,03,happy,strong,01,Kids are talking by the door,02,09,male
03-01-03-02-02-01-09.wav,data\Actor_09\03-01-03-02-02-01-09.wav,03,01,03,happy,strong,02,Dogs are sitting by the door,01,09,male
03-01-03-02-02-02-09.wav,data\Actor_09\03-01-03-02-02-02-09.wav,03,01,03,happy,strong,02,Dogs are sitting by the door,02,09,male
03-01-04-01-01-01-09.wav,data\Actor_09\03-01-04-01-01-01-09.wav,03,01,04,sad,normal,01,Kids are talking by the door,01,09,male
03-01-04-01-01-02-09.wav,data\Actor_09\03-01-04-01-01-02-09.wav,03,01,04,sad,normal,01,Kids are talking by the door,02,09,male
03-01-04-01-02-01-09.wav,data\Actor_09\03-01-04-01-02-01-09.wav,03,01,04,sad,normal,02,Dogs are sitting by the door,01,09,male
03-01-04-01-02-02-09.wav,data\Actor_09\03-01-04-01-02-02-09.wav,03,01,04,sad,normal,02,Dogs are sitting by the door,02,09,male
03-01-04-02-01-01-09.wav,data\Actor_09\03-01-04-02-01-01-09.wav,03,01,04,sad,strong,01,Kids are talking by the door,01,09,male
03-01-04-02-01-02-09.wav,data\Actor_09\03-01-04-02-01-02-09.wav,03,01,04,sad,strong,01,Kids are talking by the door,02,09,male
03-01-04-02-02-01-09.wav,data\Actor_09\03-01-04-02-02-01-09.wav,03,01,04,sad,strong,02,Dogs are sitting by the door,01,09,male
03-01-04-02-02-02-09.wav,data\Actor_09\03-01-04-02-02-02-09.wav,03,01,04,sad,strong,02,Dogs are sitting by the door,02,09,male
03-01-05-01-01-01-09.wav,data\Actor_09\03-01-05-01-01-01-09.wav,03,01,05,angry,normal,01,Kids are talking by the door,01,09,male
03-01-05-01-01-02-09.wav,data\Actor_09\03-01-05-01-01-02-09.wav,03,01,05,angry,normal,01,Kids are talking by the door,02,09,male
03-01-05-01-02-01-09.wav,data\Actor_09\03-01-05-01-02-01-09.wav,03,01,05,angry,normal,02,Dogs are sitting by the door,01,09,male
03-01-05-01-02-02-09.wav,data\Actor_09\03-01-05-01-02-02-09.wav,03,01,05,angry,normal,02,Dogs are sitting by the door,02,09,male
03-01-05-02-01-01-09.wav,data\Actor_09\03-01-05-02-01-01-09.wav,03,01,05,angry,strong,01,Kids are talking by the door,01,09,male
03-01-05-02-01-02-09.wav,data\Actor_09\03-01-05-02-01-02-09.wav,03,01,05,angry,strong,01,Kids are talking by the door,02,09,male
03-01-05-02-02-01-09.wav,data\Actor_09\03-01-05-02-02-01-09.wav,03,01,05,angry,strong,02,Dogs are sitting by the door,01,09,male
03-01-05-02-02-02-09.wav,data\Actor_09\03-01-05-02-02-02-09.wav,03,01,05,angry,strong,02,Dogs are sitting by the door,02,09,male
03-01-06-01-01-01-09.wav,data\Actor_09\03-01-06-01-01-01-09.wav,03,01,06,fearful,normal,01,Kids are talking by the door,01,09,male
03-01-06-01-01-02-09.wav,data\Actor_09\03-01-06-01-01-02-09.wav,03,01,06,fearful,normal,01,Kids are talking by the door,02,09,male
03-01-06-01-02-01-09.wav,data\Actor_09\03-01-06-01-02-01-09.wav,03,01,06,fearful,normal,02,Dogs are sitting by the door,01,09,male
03-01-06-01-02-02-09.wav,data\Actor_09\03-01-06-01-02-02-09.wav,03,01,06,fearful,normal,02,Dogs are sitting by the door,02,09,male
03-01-06-02-01-01-09.wav,data\Actor_09\03-01-06-02-01-01-09.wav,03,01,06,fearful,strong,01,Kids are talking by the door,01,09,male
03-01-06-02-01-02-09.wav,data\Actor_09\03-01-06-02-01-02-09.wav,03,01,06,fearful,strong,01,Kids are talking by the door,02,09,male
03-01-06-02-02-01-09.wav,data\Actor_09\03-01-06-02-02-01-09.wav,03,01,06,fearful,strong,02,Dogs are sitting by the door,01,09,male
03-01-06-02-02-02-09.wav,data\Actor_09\03-01-06-02-02-02-09.wav,03,01,06,fearful,strong,02,Dogs are sitting by the door,02,09,male
03-01-07-01-01-01-09.wav,data\Actor_09\03-01-07-01-01-01-09.wav,03,01,07,disgust,normal,01,Kids are talking by the door,01,09,male
03-01-07-01-01-02-09.wav,data\Actor_09\03-01-07-01-01-02-09.wav,03,01,07,disgust,normal,01,Kids are talking by the door,02,09,male
03-01-07-01-02-01-09.wav,data\Actor_09\03-01-07-01-02-01-09.wav,03,01,07,disgust,normal,02,Dogs are sitting by the door,01,09,male
03-01-07-01-02-02-09.wav,data\Actor_09\03-01-07-01-02-02-09.wav,03,01,07,disgust,normal,02,Dogs are sitting by the door,02,09,male
03-01-07-02-01-01-09.wav,data\Actor_09\03-01-07-02-01-01-09.wav,03,01,07,disgust,strong,01,Kids are talking by the door,01,09,male
03-01-07-02-01-02-09.wav,data\Actor_09\03-01-07-02-01-02-09.wav,03,01,07,disgust,strong,01,Kids are talking by the door,02,09,male
03-01-07-02-02-01-09.wav,data\Actor_09\03-01-07-02-02-01-09.wav,03,01,07,disgust,strong,02,Dogs are sitting by the door,01,09,male
03-01-07-02-02-02-09.wav,data\Actor_09\03-01-07-02-02-02-09.wav,03,01,07,disgust,strong,02,Dogs are sitting by the door,02,09,male
03-01-08-01-01-01-09.wav,data\Actor_09\03-01-08-01-01-01-09.wav,03,01,08,surprised,normal,01,Kids are talking by the door,01,09,male
03-01-08-01-01-02-09.wav,data\Actor_09\03-01-08-01-01-02-09.wav,03,01,08,surprised,normal,01,Kids are talking by the door,02,09,male
03-01-08-01-02-01-09.wav,data\Actor_09\03-01-08-01-02-01-09.wav,03,01,08,surprised,normal,02,Dogs are sitting by the door,01,09,male
03-01-08-01-02-02-09.wav,data\Actor_09\03-01-08-01-02-02-09.wav,03,01,08,surprised,normal,02,Dogs are sitting by the door,02,09,male
03-01-08-02-01-01-09.wav,data\Actor_09\03-01-08-02-01-01-09.wav,03,01,08,surprised,strong,01,Kids are talking by the door,01,09,male
03-01-08-02-01-02-09.wav,data\Actor_09\03-01-08-02-01-02-09.wav,03,01,08,surprised,strong,01,Kids are talking by the door,02,09,male
03-01-08-02-02-01-09.wav,data\Actor_09\03-01-08-02-02-01-09.wav,03,01,08,surprised,strong,02,Dogs are sitting by the door,01,09,male
03-01-08-02-02-02-09.wav,data\Actor_09\03-01-08-02-02-02-09.wav,03,01,08,surprised,strong,02,Dogs are sitting by the door,02,09,male
03-01-01-01-01-01-10.wav,data\Actor_10\03-01-01-01-01-01-10.wav,03,01,01,neutral,normal,01,Kids are talking by the door,01,10,female
03-01-01-01-01-02-10.wav,data\Actor_10\03-01-01-01-01-02-10.wav,03,01,01,neutral,normal,01,Kids are talking by the door,02,10,female
03-01-01-01-02-01-10.wav,data\Actor_10\03-01-01-01-02-01-10.wav,03,01,01,neutral,normal,02,Dogs are sitting by the door,01,10,female
03-01-01-01-02-02-10.wav,data\Actor_10\03-01-01-01-02-02-10.wav,03,01,01,neutral,normal,02,Dogs are sitting by the door,02,10,female
03-01-02-01-01-01-10.wav,data\Actor_10\03-01-02-01-01-01-10.wav,03,01,02,calm,normal,01,Kids are talking by the door,01,10,female
03-01-02-01-01-02-10.wav,data\Actor_10\03-01-02-01-01-02-10.wav,03,01,02,calm,normal,01,Kids are talking by the door,02,10,female
03-01-02-01-02-01-10.wav,data\Actor_10\03-01-02-01-02-01-10.wav,03,01,02,calm,normal,02,Dogs are sitting by the door,01,10,female
03-01-02-01-02-02-10.wav,data\Actor_10\03-01-02-01-02-02-10.wav,03,01,02,calm,normal,02,Dogs are sitting by the door,02,10,female
03-01-02-02-01-01-10.wav,data\Actor_10\03-01-02-02-01-01-10.wav,03,01,02,calm,strong,01,Kids are talking by the door,01,10,female
03-01-02-02-01-02-10.wav,data\Actor_10\03-01-02-02-01-02-10.wav,03,01,02,calm,strong,01,Kids are talking by the door,02,10,female
03-01-02-02-02-01-10.wav,data\Actor_10\03-01-02-02-02-01-10.wav,03,01,02,calm,strong,02,Dogs are sitting by the door,01,10,female
03-01-02-02-02-02-10.wav,data\Actor_10\03-01-02-02-02-02-10.wav,03,01,02,calm,strong,02,Dogs are sitting by the door,02,10,female
03-01-03-01-01-01-10.wav,data\Actor_10\03-01-03-01-01-01-10.wav,03,01,03,happy,normal,01,Kids are talking by the door,01,10,female
03-01-03-01-01-02-10.wav,data\Actor_10\03-01-03-01-01-02-10.wav,03,01,03,happy,normal,01,Kids are talking by the door,02,10,female
03-01-03-01-02-01-10.wav,data\Actor_10\03-01-03-01-02-01-10.wav,03,01,03,happy,normal,02,Dogs are sitting by the door,01,10,female
03-01-03-01-02-02-10.wav,data\Actor_10\03-01-03-01-02-02-10.wav,03,01,03,happy,normal,02,Dogs are sitting by the door,02,10,female
03-01-03-02-01-01-10.wav,data\Actor_10\03-01-03-02-01-01-10.wav,03,01,03,happy,strong,01,Kids are talking by the door,01,10,female
03-01-03-02-01-02-10.wav,data\Actor_10\03-01-03-02-01-02-10.wav,03,01,03,happy,strong,01,Kids are talking by the door,02,10,female
03-01-03-02-02-01-10.wav,data\Actor_10\03-01-03-02-02-01-10.wav,03,01,03,happy,strong,02,Dogs are sitting by the door,01,10,female
03-01-03-02-02-02-10.wav,data\Actor_10\03-01-03-02-02-02-10.wav,03,01,03,happy,strong,02,Dogs are sitting by the door,02,10,female
03-01-04-01-01-01-10.wav,data\Actor_10\03-01-04-01-01-01-10.wav,03,01,04,sad,normal,01,Kids are talking by the door,01,10,female
03-01-04-01-01-02-10.wav,data\Actor_10\03-01-04-01-01-02-10.wav,03,01,04,sad,normal,01,Kids are talking by the door,02,10,female
03-01-04-01-02-01-10.wav,data\Actor_10\03-01-04-01-02-01-10.wav,03,01,04,sad,normal,02,Dogs are sitting by the door,01,10,female
03-01-04-01-02-02-10.wav,data\Actor_10\03-01-04-01-02-02-10.wav,03,01,04,sad,normal,02,Dogs are sitting by the door,02,10,female
03-01-04-02-01-01-10.wav,data\Actor_10\03-01-04-02-01-01-10.wav,03,01,04,sad,strong,01,Kids are talking by the door,01,10,female
03-01-04-02-01-02-10.wav,data\Actor_10\03-01-04-02-01-02-10.wav,03,01,04,sad,strong,01,Kids are talking by the door,02,10,female
03-01-04-02-02-01-10.wav,data\Actor_10\03-01-04-02-02-01-10.wav,03,01,04,sad,strong,02,Dogs are sitting by the door,01,10,female
03-01-04-02-02-02-10.wav,data\Actor_10\03-01-04-02-02-02-10.wav,03,01,04,sad,strong,02,Dogs are sitting by the door,02,10,female
03-01-05-01-01-01-10.wav,data\Actor_10\03-01-05-01-01-01-10.wav,03,01,05,angry,normal,01,Kids are talking by the door,01,10,female
03-01-05-01-01-02-10.wav,data\Actor_10\03-01-05-01-01-02-10.wav,03,01,05,angry,normal,01,Kids are talking by the door,02,10,female
03-01-05-01-02-01-10.wav,data\Actor_10\03-01-05-01-02-01-10.wav,03,01,05,angry,normal,02,Dogs are sitting by the door,01,10,female
03-01-05-01-02-02-10.wav,data\Actor_10\03-01-05-01-02-02-10.wav,03,01,05,angry,normal,02,Dogs are sitting by the door,02,10,female
03-01-05-02-01-01-10.wav,data\Actor_10\03-01-05-02-01-01-10.wav,03,01,05,angry,strong,01,Kids are talking by the door,01,10,female
03-01-05-02-01-02-10.wav,data\Actor_10\03-01-05-02-01-02-10.wav,03,01,05,angry,strong,01,Kids are talking by the door,02,10,female
03-01-05-02-02-01-10.wav,data\Actor_10\03-01-05-02-02-01-10.wav,03,01,05,angry,strong,02,Dogs are sitting by the door,01,10,female
03-01-05-02-02-02-10.wav,data\Actor_10\03-01-05-02-02-02-10.wav,03,01,05,angry,strong,02,Dogs are sitting by the door,02,10,female
03-01-06-01-01-01-10.wav,data\Actor_10\03-01-06-01-01-01-10.wav,03,01,06,fearful,normal,01,Kids are talking by the door,01,10,female
03-01-06-01-01-02-10.wav,data\Actor_10\03-01-06-01-01-02-10.wav,03,01,06,fearful,normal,01,Kids are talking by the door,02,10,female
03-01-06-01-02-01-10.wav,data\Actor_10\03-01-06-01-02-01-10.wav,03,01,06,fearful,normal,02,Dogs are sitting by the door,01,10,female
03-01-06-01-02-02-10.wav,data\Actor_10\03-01-06-01-02-02-10.wav,03,01,06,fearful,normal,02,Dogs are sitting by the door,02,10,female
03-01-06-02-01-01-10.wav,data\Actor_10\03-01-06-02-01-01-10.wav,03,01,06,fearful,strong,01,Kids are talking by the door,01,10,female
03-01-06-02-01-02-10.wav,data\Actor_10\03-01-06-02-01-02-10.wav,03,01,06,fearful,strong,01,Kids are talking by the door,02,10,female
03-01-06-02-02-01-10.wav,data\Actor_10\03-01-06-02-02-01-10.wav,03,01,06,fearful,strong,02,Dogs are sitting by the door,01,10,female
03-01-06-02-02-02-10.wav,data\Actor_10\03-01-06-02-02-02-10.wav,03,01,06,fearful,strong,02,Dogs are sitting by the door,02,10,female
03-01-07-01-01-01-10.wav,data\Actor_10\03-01-07-01-01-01-10.wav,03,01,07,disgust,normal,01,Kids are talking by the door,01,10,female
03-01-07-01-01-02-10.wav,data\Actor_10\03-01-07-01-01-02-10.wav,03,01,07,disgust,normal,01,Kids are talking by the door,02,10,female
03-01-07-01-02-01-10.wav,data\Actor_10\03-01-07-01-02-01-10.wav,03,01,07,disgust,normal,02,Dogs are sitting by the door,01,10,female
03-01-07-01-02-02-10.wav,data\Actor_10\03-01-07-01-02-02-10.wav,03,01,07,disgust,normal,02,Dogs are sitting by the door,02,10,female
03-01-07-02-01-01-10.wav,data\Actor_10\03-01-07-02-01-01-10.wav,03,01,07,disgust,strong,01,Kids are talking by the door,01,10,female
03-01-07-02-01-02-10.wav,data\Actor_10\03-01-07-02-01-02-10.wav,03,01,07,disgust,strong,01,Kids are talking by the door,02,10,female
03-01-07-02-02-01-10.wav,data\Actor_10\03-01-07-02-02-01-10.wav,03,01,07,disgust,strong,02,Dogs are sitting by the door,01,10,female
03-01-07-02-02-02-10.wav,data\Actor_10\03-01-07-02-02-02-10.wav,03,01,07,disgust,strong,02,Dogs are sitting by the door,02,10,female
03-01-08-01-01-01-10.wav,data\Actor_10\03-01-08-01-01-01-10.wav,03,01,08,surprised,normal,01,Kids are talking by the door,01,10,female
03-01-08-01-01-02-10.wav,data\Actor_10\03-01-08-01-01-02-10.wav,03,01,08,surprised,normal,01,Kids are talking by the door,02,10,female
03-01-08-01-02-01-10.wav,data\Actor_10\03-01-08-01-02-01-10.wav,03,01,08,surprised,normal,02,Dogs are sitting by the door,01,10,female
03-01-08-01-02-02-10.wav,data\Actor_10\03-01-08-01-02-02-10.wav,03,01,08,surprised,normal,02,Dogs are sitting by the door,02,10,female
03-01-08-02-01-01-10.wav,data\Actor_10\03-01-08-02-01-01-10.wav,03,01,08,surprised,strong,01,Kids are talking by the door,01,10,female
03-01-08-02-01-02-10.wav,data\Actor_10\03-01-08-02-01-02-10.wav,03,01,08,surprised,strong,01,Kids are talking by the door,02,10,female
03-01-08-02-02-01-10.wav,data\Actor_10\03-01-08-02-02-01-10.wav,03,01,08,surprised,strong,02,Dogs are sitting by the door,01,10,female
03-01-08-02-02-02-10.wav,data\Actor_10\03-01-08-02-02-02-10.wav,03,01,08,surprised,strong,02,Dogs are sitting by the door,02,10,female
03-01-01-01-01-01-11.wav,data\Actor_11\03-01-01-01-01-01-11.wav,03,01,01,neutral,normal,01,Kids are talking by the door,01,11,male
03-01-01-01-01-02-11.wav,data\Actor_11\03-01-01-01-01-02-11.wav,03,01,01,neutral,normal,01,Kids are talking by the door,02,11,male
03-01-01-01-02-01-11.wav,data\Actor_11\03-01-01-01-02-01-11.wav,03,01,01,neutral,normal,02,Dogs are sitting by the door,01,11,male
03-01-01-01-02-02-11.wav,data\Actor_11\03-01-01-01-02-02-11.wav,03,01,01,neutral,normal,02,Dogs are sitting by the door,02,11,male
03-01-02-01-01-01-11.wav,data\Actor_11\03-01-02-01-01-01-11.wav,03,01,02,calm,normal,01,Kids are talking by the door,01,11,male
03-01-02-01-01-02-11.wav,data\Actor_11\03-01-02-01-01-02-11.wav,03,01,02,calm,normal,01,Kids are talking by the door,02,11,male
03-01-02-01-02-01-11.wav,data\Actor_11\03-01-02-01-02-01-11.wav,03,01,02,calm,normal,02,Dogs are sitting by the door,01,11,male
03-01-02-01-02-02-11.wav,data\Actor_11\03-01-02-01-02-02-11.wav,03,01,02,calm,normal,02,Dogs are sitting by the door,02,11,male
03-01-02-02-01-01-11.wav,data\Actor_11\03-01-02-02-01-01-11.wav,03,01,02,calm,strong,01,Kids are talking by the door,01,11,male
03-01-02-02-01-02-11.wav,data\Actor_11\03-01-02-02-01-02-11.wav,03,01,02,calm,strong,01,Kids are talking by the door,02,11,male
03-01-02-02-02-01-11.wav,data\Actor_11\03-01-02-02-02-01-11.wav,03,01,02,calm,strong,02,Dogs are sitting by the door,01,11,male
03-01-02-02-02-02-11.wav,data\Actor_11\03-01-02-02-02-02-11.wav,03,01,02,calm,strong,02,Dogs are sitting by the door,02,11,male
03-01-03-01-01-01-11.wav,data\Actor_11\03-01-03-01-01-01-11.wav,03,01,03,happy,normal,01,Kids are talking by the door,01,11,male
03-01-03-01-01-02-11.wav,data\Actor_11\03-01-03-01-01-02-11.wav,03,01,03,happy,normal,01,Kids are talking by the door,02,11,male
03-01-03-01-02-01-11.wav,data\Actor_11\03-01-03-01-02-01-11.wav,03,01,03,happy,normal,02,Dogs are sitting by the door,01,11,male
03-01-03-01-02-02-11.wav,data\Actor_11\03-01-03-01-02-02-11.wav,03,01,03,happy,normal,02,Dogs are sitting by the door,02,11,male
03-01-03-02-01-01-11.wav,data\Actor_11\03-01-03-02-01-01-11.wav,03,01,03,happy,strong,01,Kids are talking by the door,01,11,male
03-01-03-02-01-02-11.wav,data\Actor_11\03-01-03-02-01-02-11.wav,03,01,03,happy,strong,01,Kids are talking by the door,02,11,male
03-01-03-02-02-01-11.wav,data\Actor_11\03-01-03-02-02-01-11.wav,03,01,03,happy,strong,02,Dogs are sitting by the door,01,11,male
03-01-03-02-02-02-11.wav,data\Actor_11\03-01-03-02-02-02-11.wav,03,01,03,happy,strong,02,Dogs are sitting by the door,02,11,male
03-01-04-01-01-01-11.wav,data\Actor_11\03-01-04-01-01-01-11.wav,03,01,04,sad,normal,01,Kids are talking by the door,01,11,male
03-01-04-01-01-02-11.wav,data\Actor_11\03-01-04-01-01-02-11.wav,03,01,04,sad,normal,01,Kids are talking by the door,02,11,male
03-01-04-01-02-01-11.wav,data\Actor_11\03-01-04-01-02-01-11.wav,03,01,04,sad,normal,02,Dogs are sitting by the door,01,11,male
03-01-04-01-02-02-11.wav,data\Actor_11\03-01-04-01-02-02-11.wav,03,01,04,sad,normal,02,Dogs are sitting by the door,02,11,male
03-01-04-02-01-01-11.wav,data\Actor_11\03-01-04-02-01-01-11.wav,03,01,04,sad,strong,01,Kids are talking by the door,01,11,male
03-01-04-02-01-02-11.wav,data\Actor_11\03-01-04-02-01-02-11.wav,03,01,04,sad,strong,01,Kids are talking by the door,02,11,male
03-01-04-02-02-01-11.wav,data\Actor_11\03-01-04-02-02-01-11.wav,03,01,04,sad,strong,02,Dogs are sitting by the door,01,11,male
03-01-04-02-02-02-11.wav,data\Actor_11\03-01-04-02-02-02-11.wav,03,01,04,sad,strong,02,Dogs are sitting by the door,02,11,male
03-01-05-01-01-01-11.wav,data\Actor_11\03-01-05-01-01-01-11.wav,03,01,05,angry,normal,01,Kids are talking by the door,01,11,male
03-01-05-01-01-02-11.wav,data\Actor_11\03-01-05-01-01-02-11.wav,03,01,05,angry,normal,01,Kids are talking by the door,02,11,male
03-01-05-01-02-01-11.wav,data\Actor_11\03-01-05-01-02-01-11.wav,03,01,05,angry,normal,02,Dogs are sitting by the door,01,11,male
03-01-05-01-02-02-11.wav,data\Actor_11\03-01-05-01-02-02-11.wav,03,01,05,angry,normal,02,Dogs are sitting by the door,02,11,male
03-01-05-02-01-01-11.wav,data\Actor_11\03-01-05-02-01-01-11.wav,03,01,05,angry,strong,01,Kids are talking by the door,01,11,male
03-01-05-02-01-02-11.wav,data\Actor_11\03-01-05-02-01-02-11.wav,03,01,05,angry,strong,01,Kids are talking by the door,02,11,male
03-01-05-02-02-01-11.wav,data\Actor_11\03-01-05-02-02-01-11.wav,03,01,05,angry,strong,02,Dogs are sitting by the door,01,11,male
03-01-05-02-02-02-11.wav,data\Actor_11\03-01-05-02-02-02-11.wav,03,01,05,angry,strong,02,Dogs are sitting by the door,02,11,male
03-01-06-01-01-01-11.wav,data\Actor_11\03-01-06-01-01-01-11.wav,03,01,06,fearful,normal,01,Kids are talking by the door,01,11,male
03-01-06-01-01-02-11.wav,data\Actor_11\03-01-06-01-01-02-11.wav,03,01,06,fearful,normal,01,Kids are talking by the door,02,11,male
03-01-06-01-02-01-11.wav,data\Actor_11\03-01-06-01-02-01-11.wav,03,01,06,fearful,normal,02,Dogs are sitting by the door,01,11,male
03-01-06-01-02-02-11.wav,data\Actor_11\03-01-06-01-02-02-11.wav,03,01,06,fearful,normal,02,Dogs are sitting by the door,02,11,male
03-01-06-02-01-01-11.wav,data\Actor_11\03-01-06-02-01-01-11.wav,03,01,06,fearful,strong,01,Kids are talking by the door,01,11,male
03-01-06-02-01-02-11.wav,data\Actor_11\03-01-06-02-01-02-11.wav,03,01,06,fearful,strong,01,Kids are talking by the door,02,11,male
03-01-06-02-02-01-11.wav,data\Actor_11\03-01-06-02-02-01-11.wav,03,01,06,fearful,strong,02,Dogs are sitting by the door,01,11,male
03-01-06-02-02-02-11.wav,data\Actor_11\03-01-06-02-02-02-11.wav,03,01,06,fearful,strong,02,Dogs are sitting by the door,02,11,male
03-01-07-01-01-01-11.wav,data\Actor_11\03-01-07-01-01-01-11.wav,03,01,07,disgust,normal,01,Kids are talking by the door,01,11,male
03-01-07-01-01-02-11.wav,data\Actor_11\03-01-07-01-01-02-11.wav,03,01,07,disgust,normal,01,Kids are talking by the door,02,11,male
03-01-07-01-02-01-11.wav,data\Actor_11\03-01-07-01-02-01-11.wav,03,01,07,disgust,normal,02,Dogs are sitting by the door,01,11,male
03-01-07-01-02-02-11.wav,data\Actor_11\03-01-07-01-02-02-11.wav,03,01,07,disgust,normal,02,Dogs are sitting by the door,02,11,male
03-01-07-02-01-01-11.wav,data\Actor_11\03-01-07-02-01-01-11.wav,03,01,07,disgust,strong,01,Kids are talking by the door,01,11,male
03-01-07-02-01-02-11.wav,data\Actor_11\03-01-07-02-01-02-11.wav,03,01,07,disgust,strong,01,Kids are talking by the door,02,11,male
03-01-07-02-02-01-11.wav,data\Actor_11\03-01-07-02-02-01-11.wav,03,01,07,disgust,strong,02,Dogs are sitting by the door,01,11,male
03-01-07-02-02-02-11.wav,data\Actor_11\03-01-07-02-02-02-11.wav,03,01,07,disgust,strong,02,Dogs are sitting by the door,02,11,male
03-01-08-01-01-01-11.wav,data\Actor_11\03-01-08-01-01-01-11.wav,03,01,08,surprised,normal,01,Kids are talking by the door,01,11,male
03-01-08-01-01-02-11.wav,data\Actor_11\03-01-08-01-01-02-11.wav,03,01,08,surprised,normal,01,Kids are talking by the door,02,11,male
03-01-08-01-02-01-11.wav,data\Actor_11\03-01-08-01-02-01-11.wav,03,01,08,surprised,normal,02,Dogs are sitting by the door,01,11,male
03-01-08-01-02-02-11.wav,data\Actor_11\03-01-08-01-02-02-11.wav,03,01,08,surprised,normal,02,Dogs are sitting by the door,02,11,male
03-01-08-02-01-01-11.wav,data\Actor_11\03-01-08-02-01-01-11.wav,03,01,08,surprised,strong,01,Kids are talking by the door,01,11,male
03-01-08-02-01-02-11.wav,data\Actor_11\03-01-08-02-01-02-11.wav,03,01,08,surprised,strong,01,Kids are talking by the door,02,11,male
03-01-08-02-02-01-11.wav,data\Actor_11\03-01-08-02-02-01-11.wav,03,01,08,surprised,strong,02,Dogs are sitting by the door,01,11,male
03-01-08-02-02-02-11.wav,data\Actor_11\03-01-08-02-02-02-11.wav,03,01,08,surprised,strong,02,Dogs are sitting by the door,02,11,male
03-01-01-01-01-01-12.wav,data\Actor_12\03-01-01-01-01-01-12.wav,03,01,01,neutral,normal,01,Kids are talking by the door,01,12,female
03-01-01-01-01-02-12.wav,data\Actor_12\03-01-01-01-01-02-12.wav,03,01,01,neutral,normal,01,Kids are talking by the door,02,12,female
03-01-01-01-02-01-12.wav,data\Actor_12\03-01-01-01-02-01-12.wav,03,01,01,neutral,normal,02,Dogs are sitting by the door,01,12,female
03-01-01-01-02-02-12.wav,data\Actor_12\03-01-01-01-02-02-12.wav,03,01,01,neutral,normal,02,Dogs are sitting by the door,02,12,female
03-01-02-01-01-01-12.wav,data\Actor_12\03-01-02-01-01-01-12.wav,03,01,02,calm,normal,01,Kids are talking by the door,01,12,female
03-01-02-01-01-02-12.wav,data\Actor_12\03-01-02-01-01-02-12.wav,03,01,02,calm,normal,01,Kids are talking by the door,02,12,female
03-01-02-01-02-01-12.wav,data\Actor_12\03-01-02-01-02-01-12.wav,03,01,02,calm,normal,02,Dogs are sitting by the door,01,12,female
03-01-02-01-02-02-12.wav,data\Actor_12\03-01-02-01-02-02-12.wav,03,01,02,calm,normal,02,Dogs are sitting by the door,02,12,female
03-01-02-02-01-01-12.wav,data\Actor_12\03-01-02-02-01-01-12.wav,03,01,02,calm,strong,01,Kids are talking by the door,01,12,female
03-01-02-02-01-02-12.wav,data\Actor_12\03-01-02-02-01-02-12.wav,03,01,02,calm,strong,01,Kids are talking by the door,02,12,female
03-01-02-02-02-01-12.wav,data\Actor_12\03-01-02-02-02-01-12.wav,03,01,02,calm,strong,02,Dogs are sitting by the door,01,12,female
03-01-02-02-02-02-12.wav,data\Actor_12\03-01-02-02-02-02-12.wav,03,01,02,calm,strong,02,Dogs are sitting by the door,02,12,female
03-01-03-01-01-01-12.wav,data\Actor_12\03-01-03-01-01-01-12.wav,03,01,03,happy,normal,01,Kids are talking by the door,01,12,female
03-01-03-01-01-02-12.wav,data\Actor_12\03-01-03-01-01-02-12.wav,03,01,03,happy,normal,01,Kids are talking by the door,02,12,female
03-01-03-01-02-01-12.wav,data\Actor_12\03-01-03-01-02-01-12.wav,03,01,03,happy,normal,02,Dogs are sitting by the door,01,12,female
03-01-03-01-02-02-12.wav,data\Actor_12\03-01-03-01-02-02-12.wav,03,01,03,happy,normal,02,Dogs are sitting by the door,02,12,female
03-01-03-02-01-01-12.wav,data\Actor_12\03-01-03-02-01-01-12.wav,03,01,03,happy,strong,01,Kids are talking by the door,01,12,female
03-01-03-02-01-02-12.wav,data\Actor_12\03-01-03-02-01-02-12.wav,03,01,03,happy,strong,01,Kids are talking by the door,02,12,female
03-01-03-02-02-01-12.wav,data\Actor_12\03-01-03-02-02-01-12.wav,03,01,03,happy,strong,02,Dogs are sitting by the door,01,12,female
03-01-03-02-02-02-12.wav,data\Actor_12\03-01-03-02-02-02-12.wav,03,01,03,happy,strong,02,Dogs are sitting by the door,02,12,female
03-01-04-01-01-01-12.wav,data\Actor_12\03-01-04-01-01-01-12.wav,03,01,04,sad,normal,01,Kids are talking by the door,01,12,female
03-01-04-01-01-02-12.wav,data\Actor_12\03-01-04-01-01-02-12.wav,03,01,04,sad,normal,01,Kids are talking by the door,02,12,female
03-01-04-01-02-01-12.wav,data\Actor_12\03-01-04-01-02-01-12.wav,03,01,04,sad,normal,02,Dogs are sitting by the door,01,12,female
03-01-04-01-02-02-12.wav,data\Actor_12\03-01-04-01-02-02-12.wav,03,01,04,sad,normal,02,Dogs are sitting by the door,02,12,female
03-01-04-02-01-01-12.wav,data\Actor_12\03-01-04-02-01-01-12.wav,03,01,04,sad,strong,01,Kids are talking by the door,01,12,female
03-01-04-02-01-02-12.wav,data\Actor_12\03-01-04-02-01-02-12.wav,03,01,04,sad,strong,01,Kids are talking by the door,02,12,female
03-01-04-02-02-01-12.wav,data\Actor_12\03-01-04-02-02-01-12.wav,03,01,04,sad,strong,02,Dogs are sitting by the door,01,12,female
03-01-04-02-02-02-12.wav,data\Actor_12\03-01-04-02-02-02-12.wav,03,01,04,sad,strong,02,Dogs are sitting by the door,02,12,female
03-01-05-01-01-01-12.wav,data\Actor_12\03-01-05-01-01-01-12.wav,03,01,05,angry,normal,01,Kids are talking by the door,01,12,female
03-01-05-01-01-02-12.wav,data\Actor_12\03-01-05-01-01-02-12.wav,03,01,05,angry,normal,01,Kids are talking by the door,02,12,female
03-01-05-01-02-01-12.wav,data\Actor_12\03-01-05-01-02-01-12.wav,03,01,05,angry,normal,02,Dogs are sitting by the door,01,12,female
03-01-05-01-02-02-12.wav,data\Actor_12\03-01-05-01-02-02-12.wav,03,01,05,angry,normal,02,Dogs are sitting by the door,02,12,female
03-01-05-02-01-01-12.wav,data\Actor_12\03-01-05-02-01-01-12.wav,03,01,05,angry,strong,01,Kids are talking by the door,01,12,female
03-01-05-02-01-02-12.wav,data\Actor_12\03-01-05-02-01-02-12.wav,03,01,05,angry,strong,01,Kids are talking by the door,02,12,female
03-01-05-02-02-01-12.wav,data\Actor_12\03-01-05-02-02-01-12.wav,03,01,05,angry,strong,02,Dogs are sitting by the door,01,12,female
03-01-05-02-02-02-12.wav,data\Actor_12\03-01-05-02-02-02-12.wav,03,01,05,angry,strong,02,Dogs are sitting by the door,02,12,female
03-01-06-01-01-01-12.wav,data\Actor_12\03-01-06-01-01-01-12.wav,03,01,06,fearful,normal,01,Kids are talking by the door,01,12,female
03-01-06-01-01-02-12.wav,data\Actor_12\03-01-06-01-01-02-12.wav,03,01,06,fearful,normal,01,Kids are talking by the door,02,12,female
03-01-06-01-02-01-12.wav,data\Actor_12\03-01-06-01-02-01-12.wav,03,01,06,fearful,normal,02,Dogs are sitting by the door,01,12,female
03-01-06-01-02-02-12.wav,data\Actor_12\03-01-06-01-02-02-12.wav,03,01,06,fearful,normal,02,Dogs are sitting by the door,02,12,female
03-01-06-02-01-01-12.wav,data\Actor_12\03-01-06-02-01-01-12.wav,03,01,06,fearful,strong,01,Kids are talking by the door,01,12,female
03-01-06-02-01-02-12.wav,data\Actor_12\03-01-06-02-01-02-12.wav,03,01,06,fearful,strong,01,Kids are talking by the door,02,12,female
03-01-06-02-02-01-12.wav,data\Actor_12\03-01-06-02-02-01-12.wav,03,01,06,fearful,strong,02,Dogs are sitting by the door,01,12,female
03-01-06-02-02-02-12.wav,data\Actor_12\03-01-06-02-02-02-12.wav,03,01,06,fearful,strong,02,Dogs are sitting by the door,02,12,female
03-01-07-01-01-01-12.wav,data\Actor_12\03-01-07-01-01-01-12.wav,03,01,07,disgust,normal,01,Kids are talking by the door,01,12,female
03-01-07-01-01-02-12.wav,data\Actor_12\03-01-07-01-01-02-12.wav,03,01,07,disgust,normal,01,Kids are talking by the door,02,12,female
03-01-07-01-02-01-12.wav,data\Actor_12\03-01-07-01-02-01-12.wav,03,01,07,disgust,normal,02,Dogs are sitting by the door,01,12,female
03-01-07-01-02-02-12.wav,data\Actor_12\03-01-07-01-02-02-12.wav,03,01,07,disgust,normal,02,Dogs are sitting by the door,02,12,female
03-01-07-02-01-01-12.wav,data\Actor_12\03-01-07-02-01-01-12.wav,03,01,07,disgust,strong,01,Kids are talking by the door,01,12,female
03-01-07-02-01-02-12.wav,data\Actor_12\03-01-07-02-01-02-12.wav,03,01,07,disgust,strong,01,Kids are talking by the door,02,12,female
03-01-07-02-02-01-12.wav,data\Actor_12\03-01-07-02-02-01-12.wav,03,01,07,disgust,strong,02,Dogs are sitting by the door,01,12,female
03-01-07-02-02-02-12.wav,data\Actor_12\03-01-07-02-02-02-12.wav,03,01,07,disgust,strong,02,Dogs are sitting by the door,02,12,female
03-01-08-01-01-01-12.wav,data\Actor_12\03-01-08-01-01-01-12.wav,03,01,08,surprised,normal,01,Kids are talking by the door,01,12,female
03-01-08-01-01-02-12.wav,data\Actor_12\03-01-08-01-01-02-12.wav,03,01,08,surprised,normal,01,Kids are talking by the door,02,12,female
03-01-08-01-02-01-12.wav,data\Actor_12\03-01-08-01-02-01-12.wav,03,01,08,surprised,normal,02,Dogs are sitting by the door,01,12,female
03-01-08-01-02-02-12.wav,data\Actor_12\03-01-08-01-02-02-12.wav,03,01,08,surprised,normal,02,Dogs are sitting by the door,02,12,female
03-01-08-02-01-01-12.wav,data\Actor_12\03-01-08-02-01-01-12.wav,03,01,08,surprised,strong,01,Kids are talking by the door,01,12,female
03-01-08-02-01-02-12.wav,data\Actor_12\03-01-08-02-01-02-12.wav,03,01,08,surprised,strong,01,Kids are talking by the door,02,12,female
03-01-08-02-02-01-12.wav,data\Actor_12\03-01-08-02-02-01-12.wav,03,01,08,surprised,strong,02,Dogs are sitting by the door,01,12,female
03-01-08-02-02-02-12.wav,data\Actor_12\03-01-08-02-02-02-12.wav,03,01,08,surprised,strong,02,Dogs are sitting by the door,02,12,female
03-01-01-01-01-01-13.wav,data\Actor_13\03-01-01-01-01-01-13.wav,03,01,01,neutral,normal,01,Kids are talking by the door,01,13,male
03-01-01-01-01-02-13.wav,data\Actor_13\03-01-01-01-01-02-13.wav,03,01,01,neutral,normal,01,Kids are talking by the door,02,13,male
03-01-01-01-02-01-13.wav,data\Actor_13\03-01-01-01-02-01-13.wav,03,01,01,neutral,normal,02,Dogs are sitting by the door,01,13,male
03-01-01-01-02-02-13.wav,data\Actor_13\03-01-01-01-02-02-13.wav,03,01,01,neutral,normal,02,Dogs are sitting by the door,02,13,male
03-01-02-01-01-01-13.wav,data\Actor_13\03-01-02-01-01-01-13.wav,03,01,02,calm,normal,01,Kids are talking by the door,01,13,male
03-01-02-01-01-02-13.wav,data\Actor_13\03-01-02-01-01-02-13.wav,03,01,02,calm,normal,01,Kids are talking by the door,02,13,male
03-01-02-01-02-01-13.wav,data\Actor_13\03-01-02-01-02-01-13.wav,03,01,02,calm,normal,02,Dogs are sitting by the door,01,13,male
03-01-02-01-02-02-13.wav,data\Actor_13\03-01-02-01-02-02-13.wav,03,01,02,calm,normal,02,Dogs are sitting by the door,02,13,male
03-01-02-02-01-01-13.wav,data\Actor_13\03-01-02-02-01-01-13.wav,03,01,02,calm,strong,01,Kids are talking by the door,01,13,male
03-01-02-02-01-02-13.wav,data\Actor_13\03-01-02-02-01-02-13.wav,03,01,02,calm,strong,01,Kids are talking by the door,02,13,male
03-01-02-02-02-01-13.wav,data\Actor_13\03-01-02-02-02-01-13.wav,03,01,02,calm,strong,02,Dogs are sitting by the door,01,13,male
03-01-02-02-02-02-13.wav,data\Actor_13\03-01-02-02-02-02-13.wav,03,01,02,calm,strong,02,Dogs are sitting by the door,02,13,male
03-01-03-01-01-01-13.wav,data\Actor_13\03-01-03-01-01-01-13.wav,03,01,03,happy,normal,01,Kids are talking by the door,01,13,male
03-01-03-01-01-02-13.wav,data\Actor_13\03-01-03-01-01-02-13.wav,03,01,03,happy,normal,01,Kids are talking by the door,02,13,male
03-01-03-01-02-01-13.wav,data\Actor_13\03-01-03-01-02-01-13.wav,03,01,03,happy,normal,02,Dogs are sitting by the door,01,13,male
03-01-03-01-02-02-13.wav,data\Actor_13\03-01-03-01-02-02-13.wav,03,01,03,happy,normal,02,Dogs are sitting by the door,02,13,male
03-01-03-02-01-01-13.wav,data\Actor_13\03-01-03-02-01-01-13.wav,03,01,03,happy,strong,01,Kids are talking by the door,01,13,male
03-01-03-02-01-02-13.wav,data\Actor_13\03-01-03-02-01-02-13.wav,03,01,03,happy,strong,01,Kids are talking by the door,02,13,male
03-01-03-02-02-01-13.wav,data\Actor_13\03-01-03-02-02-01-13.wav,03,01,03,happy,strong,02,Dogs are sitting by the door,01,13,male
03-01-03-02-02-02-13.wav,data\Actor_13\03-01-03-02-02-02-13.wav,03,01,03,happy,strong,02,Dogs are sitting by the door,02,13,male
03-01-04-01-01-01-13.wav,data\Actor_13\03-01-04-01-01-01-13.wav,03,01,04,sad,normal,01,Kids are talking by the door,01,13,male
03-01-04-01-01-02-13.wav,data\Actor_13\03-01-04-01-01-02-13.wav,03,01,04,sad,normal,01,Kids are talking by the door,02,13,male
03-01-04-01-02-01-13.wav,data\Actor_13\03-01-04-01-02-01-13.wav,03,01,04,sad,normal,02,Dogs are sitting by the door,01,13,male
03-01-04-01-02-02-13.wav,data\Actor_13\03-01-04-01-02-02-13.wav,03,01,04,sad,normal,02,Dogs are sitting by the door,02,13,male
03-01-04-02-01-01-13.wav,data\Actor_13\03-01-04-02-01-01-13.wav,03,01,04,sad,strong,01,Kids are talking by the door,01,13,male
03-01-04-02-01-02-13.wav,data\Actor_13\03-01-04-02-01-02-13.wav,03,01,04,sad,strong,01,Kids are talking by the door,02,13,male
03-01-04-02-02-01-13.wav,data\Actor_13\03-01-04-02-02-01-13.wav,03,01,04,sad,strong,02,Dogs are sitting by the door,01,13,male
03-01-04-02-02-02-13.wav,data\Actor_13\03-01-04-02-02-02-13.wav,03,01,04,sad,strong,02,Dogs are sitting by the door,02,13,male
03-01-05-01-01-01-13.wav,data\Actor_13\03-01-05-01-01-01-13.wav,03,01,05,angry,normal,01,Kids are talking by the door,01,13,male
03-01-05-01-01-02-13.wav,data\Actor_13\03-01-05-01-01-02-13.wav,03,01,05,angry,normal,01,Kids are talking by the door,02,13,male
03-01-05-01-02-01-13.wav,data\Actor_13\03-01-05-01-02-01-13.wav,03,01,05,angry,normal,02,Dogs are sitting by the door,01,13,male
03-01-05-01-02-02-13.wav,data\Actor_13\03-01-05-01-02-02-13.wav,03,01,05,angry,normal,02,Dogs are sitting by the door,02,13,male
03-01-05-02-01-01-13.wav,data\Actor_13\03-01-05-02-01-01-13.wav,03,01,05,angry,strong,01,Kids are talking by the door,01,13,male
03-01-05-02-01-02-13.wav,data\Actor_13\03-01-05-02-01-02-13.wav,03,01,05,angry,strong,01,Kids are talking by the door,02,13,male
03-01-05-02-02-01-13.wav,data\Actor_13\03-01-05-02-02-01-13.wav,03,01,05,angry,strong,02,Dogs are sitting by the door,01,13,male
03-01-05-02-02-02-13.wav,data\Actor_13\03-01-05-02-02-02-13.wav,03,01,05,angry,strong,02,Dogs are sitting by the door,02,13,male
03-01-06-01-01-01-13.wav,data\Actor_13\03-01-06-01-01-01-13.wav,03,01,06,fearful,normal,01,Kids are talking by the door,01,13,male
03-01-06-01-01-02-13.wav,data\Actor_13\03-01-06-01-01-02-13.wav,03,01,06,fearful,normal,01,Kids are talking by the door,02,13,male
03-01-06-01-02-01-13.wav,data\Actor_13\03-01-06-01-02-01-13.wav,03,01,06,fearful,normal,02,Dogs are sitting by the door,01,13,male
03-01-06-01-02-02-13.wav,data\Actor_13\03-01-06-01-02-02-13.wav,03,01,06,fearful,normal,02,Dogs are sitting by the door,02,13,male
03-01-06-02-01-01-13.wav,data\Actor_13\03-01-06-02-01-01-13.wav,03,01,06,fearful,strong,01,Kids are talking by the door,01,13,male
03-01-06-02-01-02-13.wav,data\Actor_13\03-01-06-02-01-02-13.wav,03,01,06,fearful,strong,01,Kids are talking by the door,02,13,male
03-01-06-02-02-01-13.wav,data\Actor_13\03-01-06-02-02-01-13.wav,03,01,06,fearful,strong,02,Dogs are sitting by the door,01,13,male
03-01-06-02-02-02-13.wav,data\Actor_13\03-01-06-02-02-02-13.wav,03,01,06,fearful,strong,02,Dogs are sitting by the door,02,13,male
03-01-07-01-01-01-13.wav,data\Actor_13\03-01-07-01-01-01-13.wav,03,01,07,disgust,normal,01,Kids are talking by the door,01,13,male
03-01-07-01-01-02-13.wav,data\Actor_13\03-01-07-01-01-02-13.wav,03,01,07,disgust,normal,01,Kids are talking by the door,02,13,male
03-01-07-01-02-01-13.wav,data\Actor_13\03-01-07-01-02-01-13.wav,03,01,07,disgust,normal,02,Dogs are sitting by the door,01,13,male
03-01-07-01-02-02-13.wav,data\Actor_13\03-01-07-01-02-02-13.wav,03,01,07,disgust,normal,02,Dogs are sitting by the door,02,13,male
03-01-07-02-01-01-13.wav,data\Actor_13\03-01-07-02-01-01-13.wav,03,01,07,disgust,strong,01,Kids are talking by the door,01,13,male
03-01-07-02-01-02-13.wav,data\Actor_13\03-01-07-02-01-02-13.wav,03,01,07,disgust,strong,01,Kids are talking by the door,02,13,male
03-01-07-02-02-01-13.wav,data\Actor_13\03-01-07-02-02-01-13.wav,03,01,07,disgust,strong,02,Dogs are sitting by the door,01,13,male
03-01-07-02-02-02-13.wav,data\Actor_13\03-01-07-02-02-02-13.wav,03,01,07,disgust,strong,02,Dogs are sitting by the door,02,13,male
03-01-08-01-01-01-13.wav,data\Actor_13\03-01-08-01-01-01-13.wav,03,01,08,surprised,normal,01,Kids are talking by the door,01,13,male
03-01-08-01-01-02-13.wav,data\Actor_13\03-01-08-01-01-02-13.wav,03,01,08,surprised,normal,01,Kids are talking by the door,02,13,male
03-01-08-01-02-01-13.wav,data\Actor_13\03-01-08-01-02-01-13.wav,03,01,08,surprised,normal,02,Dogs are sitting by the door,01,13,male
03-01-08-01-02-02-13.wav,data\Actor_13\03-01-08-01-02-02-13.wav,03,01,08,surprised,normal,02,Dogs are sitting by the door,02,13,male
03-01-08-02-01-01-13.wav,data\Actor_13\03-01-08-02-01-01-13.wav,03,01,08,surprised,strong,01,Kids are talking by the door,01,13,male
03-01-08-02-01-02-13.wav,data\Actor_13\03-01-08-02-01-02-13.wav,03,01,08,surprised,strong,01,Kids are talking by the door,02,13,male
03-01-08-02-02-01-13.wav,data\Actor_13\03-01-08-02-02-01-13.wav,03,01,08,surprised,strong,02,Dogs are sitting by the door,01,13,male
03-01-08-02-02-02-13.wav,data\Actor_13\03-01-08-02-02-02-13.wav,03,01,08,surprised,strong,02,Dogs are sitting by the door,02,13,male
03-01-01-01-01-01-14.wav,data\Actor_14\03-01-01-01-01-01-14.wav,03,01,01,neutral,normal,01,Kids are talking by the door,01,14,female
03-01-01-01-01-02-14.wav,data\Actor_14\03-01-01-01-01-02-14.wav,03,01,01,neutral,normal,01,Kids are talking by the door,02,14,female
03-01-01-01-02-01-14.wav,data\Actor_14\03-01-01-01-02-01-14.wav,03,01,01,neutral,normal,02,Dogs are sitting by the door,01,14,female
03-01-01-01-02-02-14.wav,data\Actor_14\03-01-01-01-02-02-14.wav,03,01,01,neutral,normal,02,Dogs are sitting by the door,02,14,female
03-01-02-01-01-01-14.wav,data\Actor_14\03-01-02-01-01-01-14.wav,03,01,02,calm,normal,01,Kids are talking by the door,01,14,female
03-01-02-01-01-02-14.wav,data\Actor_14\03-01-02-01-01-02-14.wav,03,01,02,calm,normal,01,Kids are talking by the door,02,14,female
03-01-02-01-02-01-14.wav,data\Actor_14\03-01-02-01-02-01-14.wav,03,01,02,calm,normal,02,Dogs are sitting by the door,01,14,female
03-01-02-01-02-02-14.wav,data\Actor_14\03-01-02-01-02-02-14.wav,03,01,02,calm,normal,02,Dogs are sitting by the door,02,14,female
03-01-02-02-01-01-14.wav,data\Actor_14\03-01-02-02-01-01-14.wav,03,01,02,calm,strong,01,Kids are talking by the door,01,14,female
03-01-02-02-01-02-14.wav,data\Actor_14\03-01-02-02-01-02-14.wav,03,01,02,calm,strong,01,Kids are talking by the door,02,14,female
03-01-02-02-02-01-14.wav,data\Actor_14\03-01-02-02-02-01-14.wav,03,01,02,calm,strong,02,Dogs are sitting by the door,01,14,female
03-01-02-02-02-02-14.wav,data\Actor_14\03-01-02-02-02-02-14.wav,03,01,02,calm,strong,02,Dogs are sitting by the door,02,14,female
03-01-03-01-01-01-14.wav,data\Actor_14\03-01-03-01-01-01-14.wav,03,01,03,happy,normal,01,Kids are talking by the door,01,14,female
03-01-03-01-01-02-14.wav,data\Actor_14\03-01-03-01-01-02-14.wav,03,01,03,happy,normal,01,Kids are talking by the door,02,14,female
03-01-03-01-02-01-14.wav,data\Actor_14\03-01-03-01-02-01-14.wav,03,01,03,happy,normal,02,Dogs are sitting by the door,01,14,female
03-01-03-01-02-02-14.wav,data\Actor_14\03-01-03-01-02-02-14.wav,03,01,03,happy,normal,02,Dogs are sitting by the door,02,14,female
03-01-03-02-01-01-14.wav,data\Actor_14\03-01-03-02-01-01-14.wav,03,01,03,happy,strong,01,Kids are talking by the door,01,14,female
03-01-03-02-01-02-14.wav,data\Actor_14\03-01-03-02-01-02-14.wav,03,01,03,happy,strong,01,Kids are talking by the door,02,14,female
03-01-03-02-02-01-14.wav,data\Actor_14\03-01-03-02-02-01-14.wav,03,01,03,happy,strong,02,Dogs are sitting by the door,01,14,female
03-01-03-02-02-02-14.wav,data\Actor_14\03-01-03-02-02-02-14.wav,03,01,03,happy,strong,02,Dogs are sitting by the door,02,14,female
03-01-04-01-01-01-14.wav,data\Actor_14\03-01-04-01-01-01-14.wav,03,01,04,sad,normal,01,Kids are talking by the door,01,14,female
03-01-04-01-01-02-14.wav,data\Actor_14\03-01-04-01-01-02-14.wav,03,01,04,sad,normal,01,Kids are talking by the door,02,14,female
03-01-04-01-02-01-14.wav,data\Actor_14\03-01-04-01-02-01-14.wav,03,01,04,sad,normal,02,Dogs are sitting by the door,01,14,female
03-01-04-01-02-02-14.wav,data\Actor_14\03-01-04-01-02-02-14.wav,03,01,04,sad,normal,02,Dogs are sitting by the door,02,14,female
03-01-04-02-01-01-14.wav,data\Actor_14\03-01-04-02-01-01-14.wav,03,01,04,sad,strong,01,Kids are talking by the door,01,14,female
03-01-04-02-01-02-14.wav,data\Actor_14\03-01-04-02-01-02-14.wav,03,01,04,sad,strong,01,Kids are talking by the door,02,14,female
03-01-04-02-02-01-14.wav,data\Actor_14\03-01-04-02-02-01-14.wav,03,01,04,sad,strong,02,Dogs are sitting by the door,01,14,female
03-01-04-02-02-02-14.wav,data\Actor_14\03-01-04-02-02-02-14.wav,03,01,04,sad,strong,02,Dogs are sitting by the door,02,14,female
03-01-05-01-01-01-14.wav,data\Actor_14\03-01-05-01-01-01-14.wav,03,01,05,angry,normal,01,Kids are talking by the door,01,14,female
03-01-05-01-01-02-14.wav,data\Actor_14\03-01-05-01-01-02-14.wav,03,01,05,angry,normal,01,Kids are talking by the door,02,14,female
03-01-05-01-02-01-14.wav,data\Actor_14\03-01-05-01-02-01-14.wav,03,01,05,angry,normal,02,Dogs are sitting by the door,01,14,female
03-01-05-01-02-02-14.wav,data\Actor_14\03-01-05-01-02-02-14.wav,03,01,05,angry,normal,02,Dogs are sitting by the door,02,14,female
03-01-05-02-01-01-14.wav,data\Actor_14\03-01-05-02-01-01-14.wav,03,01,05,angry,strong,01,Kids are talking by the door,01,14,female
03-01-05-02-01-02-14.wav,data\Actor_14\03-01-05-02-01-02-14.wav,03,01,05,angry,strong,01,Kids are talking by the door,02,14,female
03-01-05-02-02-01-14.wav,data\Actor_14\03-01-05-02-02-01-14.wav,03,01,05,angry,strong,02,Dogs are sitting by the door,01,14,female
03-01-05-02-02-02-14.wav,data\Actor_14\03-01-05-02-02-02-14.wav,03,01,05,angry,strong,02,Dogs are sitting by the door,02,14,female
03-01-06-01-01-01-14.wav,data\Actor_14\03-01-06-01-01-01-14.wav,03,01,06,fearful,normal,01,Kids are talking by the door,01,14,female
03-01-06-01-01-02-14.wav,data\Actor_14\03-01-06-01-01-02-14.wav,03,01,06,fearful,normal,01,Kids are talking by the door,02,14,female
03-01-06-01-02-01-14.wav,data\Actor_14\03-01-06-01-02-01-14.wav,03,01,06,fearful,normal,02,Dogs are sitting by the door,01,14,female
03-01-06-01-02-02-14.wav,data\Actor_14\03-01-06-01-02-02-14.wav,03,01,06,fearful,normal,02,Dogs are sitting by the door,02,14,female
03-01-06-02-01-01-14.wav,data\Actor_14\03-01-06-02-01-01-14.wav,03,01,06,fearful,strong,01,Kids are talking by the door,01,14,female
03-01-06-02-01-02-14.wav,data\Actor_14\03-01-06-02-01-02-14.wav,03,01,06,fearful,strong,01,Kids are talking by the door,02,14,female
03-01-06-02-02-01-14.wav,data\Actor_14\03-01-06-02-02-01-14.wav,03,01,06,fearful,strong,02,Dogs are sitting by the door,01,14,female
03-01-06-02-02-02-14.wav,data\Actor_14\03-01-06-02-02-02-14.wav,03,01,06,fearful,strong,02,Dogs are sitting by the door,02,14,female
03-01-07-01-01-01-14.wav,data\Actor_14\03-01-07-01-01-01-14.wav,03,01,07,disgust,normal,01,Kids are talking by the door,01,14,female
03-01-07-01-01-02-14.wav,data\Actor_14\03-01-07-01-01-02-14.wav,03,01,07,disgust,normal,01,Kids are talking by the door,02,14,female
03-01-07-01-02-01-14.wav,data\Actor_14\03-01-07-01-02-01-14.wav,03,01,07,disgust,normal,02,Dogs are sitting by the door,01,14,female
03-01-07-01-02-02-14.wav,data\Actor_14\03-01-07-01-02-02-14.wav,03,01,07,disgust,normal,02,Dogs are sitting by the door,02,14,female
03-01-07-02-01-01-14.wav,data\Actor_14\03-01-07-02-01-01-14.wav,03,01,07,disgust,strong,01,Kids are talking by the door,01,14,female
03-01-07-02-01-02-14.wav,data\Actor_14\03-01-07-02-01-02-14.wav,03,01,07,disgust,strong,01,Kids are talking by the door,02,14,female
03-01-07-02-02-01-14.wav,data\Actor_14\03-01-07-02-02-01-14.wav,03,01,07,disgust,strong,02,Dogs are sitting by the door,01,14,female
03-01-07-02-02-02-14.wav,data\Actor_14\03-01-07-02-02-02-14.wav,03,01,07,disgust,strong,02,Dogs are sitting by the door,02,14,female
03-01-08-01-01-01-14.wav,data\Actor_14\03-01-08-01-01-01-14.wav,03,01,08,surprised,normal,01,Kids are talking by the door,01,14,female
03-01-08-01-01-02-14.wav,data\Actor_14\03-01-08-01-01-02-14.wav,03,01,08,surprised,normal,01,Kids are talking by the door,02,14,female
03-01-08-01-02-01-14.wav,data\Actor_14\03-01-08-01-02-01-14.wav,03,01,08,surprised,normal,02,Dogs are sitting by the door,01,14,female
03-01-08-01-02-02-14.wav,data\Actor_14\03-01-08-01-02-02-14.wav,03,01,08,surprised,normal,02,Dogs are sitting by the door,02,14,female
03-01-08-02-01-01-14.wav,data\Actor_14\03-01-08-02-01-01-14.wav,03,01,08,surprised,strong,01,Kids are talking by the door,01,14,female
03-01-08-02-01-02-14.wav,data\Actor_14\03-01-08-02-01-02-14.wav,03,01,08,surprised,strong,01,Kids are talking by the door,02,14,female
03-01-08-02-02-01-14.wav,data\Actor_14\03-01-08-02-02-01-14.wav,03,01,08,surprised,strong,02,Dogs are sitting by the door,01,14,female
03-01-08-02-02-02-14.wav,data\Actor_14\03-01-08-02-02-02-14.wav,03,01,08,surprised,strong,02,Dogs are sitting by the door,02,14,female
03-01-01-01-01-01-15.wav,data\Actor_15\03-01-01-01-01-01-15.wav,03,01,01,neutral,normal,01,Kids are talking by the door,01,15,male
03-01-01-01-01-02-15.wav,data\Actor_15\03-01-01-01-01-02-15.wav,03,01,01,neutral,normal,01,Kids are talking by the door,02,15,male
03-01-01-01-02-01-15.wav,data\Actor_15\03-01-01-01-02-01-15.wav,03,01,01,neutral,normal,02,Dogs are sitting by the door,01,15,male
03-01-01-01-02-02-15.wav,data\Actor_15\03-01-01-01-02-02-15.wav,03,01,01,neutral,normal,02,Dogs are sitting by the door,02,15,male
03-01-02-01-01-01-15.wav,data\Actor_15\03-01-02-01-01-01-15.wav,03,01,02,calm,normal,01,Kids are talking by the door,01,15,male
03-01-02-01-01-02-15.wav,data\Actor_15\03-01-02-01-01-02-15.wav,03,01,02,calm,normal,01,Kids are talking by the door,02,15,male
03-01-02-01-02-01-15.wav,data\Actor_15\03-01-02-01-02-01-15.wav,03,01,02,calm,normal,02,Dogs are sitting by the door,01,15,male
03-01-02-01-02-02-15.wav,data\Actor_15\03-01-02-01-02-02-15.wav,03,01,02,calm,normal,02,Dogs are sitting by the door,02,15,male
03-01-02-02-01-01-15.wav,data\Actor_15\03-01-02-02-01-01-15.wav,03,01,02,calm,strong,01,Kids are talking by the door,01,15,male
03-01-02-02-01-02-15.wav,data\Actor_15\03-01-02-02-01-02-15.wav,03,01,02,calm,strong,01,Kids are talking by the door,02,15,male
03-01-02-02-02-01-15.wav,data\Actor_15\03-01-02-02-02-01-15.wav,03,01,02,calm,strong,02,Dogs are sitting by the door,01,15,male
03-01-02-02-02-02-15.wav,data\Actor_15\03-01-02-02-02-02-15.wav,03,01,02,calm,strong,02,Dogs are sitting by the door,02,15,male
03-01-03-01-01-01-15.wav,data\Actor_15\03-01-03-01-01-01-15.wav,03,01,03,happy,normal,01,Kids are talking by the door,01,15,male
03-01-03-01-01-02-15.wav,data\Actor_15\03-01-03-01-01-02-15.wav,03,01,03,happy,normal,01,Kids are talking by the door,02,15,male
03-01-03-01-02-01-15.wav,data\Actor_15\03-01-03-01-02-01-15.wav,03,01,03,happy,normal,02,Dogs are sitting by the door,01,15,male
03-01-03-01-02-02-15.wav,data\Actor_15\03-01-03-01-02-02-15.wav,03,01,03,happy,normal,02,Dogs are sitting by the door,02,15,male
03-01-03-02-01-01-15.wav,data\Actor_15\03-01-03-02-01-01-15.wav,03,01,03,happy,strong,01,Kids are talking by the door,01,15,male
03-01-03-02-01-02-15.wav,data\Actor_15\03-01-03-02-01-02-15.wav,03,01,03,happy,strong,01,Kids are talking by the door,02,15,male
03-01-03-02-02-01-15.wav,data\Actor_15\03-01-03-02-02-01-15.wav,03,01,03,happy,strong,02,Dogs are sitting by the door,01,15,male
03-01-03-02-02-02-15.wav,data\Actor_15\03-01-03-02-02-02-15.wav,03,01,03,happy,strong,02,Dogs are sitting by the door,02,15,male
03-01-04-01-01-01-15.wav,data\Actor_15\03-01-04-01-01-01-15.wav,03,01,04,sad,normal,01,Kids are talking by the door,01,15,male
03-01-04-01-01-02-15.wav,data\Actor_15\03-01-04-01-01-02-15.wav,03,01,04,sad,normal,01,Kids are talking by the door,02,15,male
03-01-04-01-02-01-15.wav,data\Actor_15\03-01-04-01-02-01-15.wav,03,01,04,sad,normal,02,Dogs are sitting by the door,01,15,male
03-01-04-01-02-02-15.wav,data\Actor_15\03-01-04-01-02-02-15.wav,03,01,04,sad,normal,02,Dogs are sitting by the door,02,15,male
03-01-04-02-01-01-15.wav,data\Actor_15\03-01-04-02-01-01-15.wav,03,01,04,sad,strong,01,Kids are talking by the door,01,15,male
03-01-04-02-01-02-15.wav,data\Actor_15\03-01-04-02-01-02-15.wav,03,01,04,sad,strong,01,Kids are talking by the door,02,15,male
03-01-04-02-02-01-15.wav,data\Actor_15\03-01-04-02-02-01-15.wav,03,01,04,sad,strong,02,Dogs are sitting by the door,01,15,male
03-01-04-02-02-02-15.wav,data\Actor_15\03-01-04-02-02-02-15.wav,03,01,04,sad,strong,02,Dogs are sitting by the door,02,15,male
03-01-05-01-01-01-15.wav,data\Actor_15\03-01-05-01-01-01-15.wav,03,01,05,angry,normal,01,Kids are talking by the door,01,15,male
03-01-05-01-01-02-15.wav,data\Actor_15\03-01-05-01-01-02-15.wav,03,01,05,angry,normal,01,Kids are talking by the door,02,15,male
03-01-05-01-02-01-15.wav,data\Actor_15\03-01-05-01-02-01-15.wav,03,01,05,angry,normal,02,Dogs are sitting by the door,01,15,male
03-01-05-01-02-02-15.wav,data\Actor_15\03-01-05-01-02-02-15.wav,03,01,05,angry,normal,02,Dogs are sitting by the door,02,15,male
03-01-05-02-01-01-15.wav,data\Actor_15\03-01-05-02-01-01-15.wav,03,01,05,angry,strong,01,Kids are talking by the door,01,15,male
03-01-05-02-01-02-15.wav,data\Actor_15\03-01-05-02-01-02-15.wav,03,01,05,angry,strong,01,Kids are talking by the door,02,15,male
03-01-05-02-02-01-15.wav,data\Actor_15\03-01-05-02-02-01-15.wav,03,01,05,angry,strong,02,Dogs are sitting by the door,01,15,male
03-01-05-02-02-02-15.wav,data\Actor_15\03-01-05-02-02-02-15.wav,03,01,05,angry,strong,02,Dogs are sitting by the door,02,15,male
03-01-06-01-01-01-15.wav,data\Actor_15\03-01-06-01-01-01-15.wav,03,01,06,fearful,normal,01,Kids are talking by the door,01,15,male
03-01-06-01-01-02-15.wav,data\Actor_15\03-01-06-01-01-02-15.wav,03,01,06,fearful,normal,01,Kids are talking by the door,02,15,male
03-01-06-01-02-01-15.wav,data\Actor_15\03-01-06-01-02-01-15.wav,03,01,06,fearful,normal,02,Dogs are sitting by the door,01,15,male
03-01-06-01-02-02-15.wav,data\Actor_15\03-01-06-01-02-02-15.wav,03,01,06,fearful,normal,02,Dogs are sitting by the door,02,15,male
03-01-06-02-01-01-15.wav,data\Actor_15\03-01-06-02-01-01-15.wav,03,01,06,fearful,strong,01,Kids are talking by the door,01,15,male
03-01-06-02-01-02-15.wav,data\Actor_15\03-01-06-02-01-02-15.wav,03,01,06,fearful,strong,01,Kids are talking by the door,02,15,male
03-01-06-02-02-01-15.wav,data\Actor_15\03-01-06-02-02-01-15.wav,03,01,06,fearful,strong,02,Dogs are sitting by the door,01,15,male
03-01-06-02-02-02-15.wav,data\Actor_15\03-01-06-02-02-02-15.wav,03,01,06,fearful,strong,02,Dogs are sitting by the door,02,15,male
03-01-07-01-01-01-15.wav,data\Actor_15\03-01-07-01-01-01-15.wav,03,01,07,disgust,normal,01,Kids are talking by the door,01,15,male
03-01-07-01-01-02-15.wav,data\Actor_15\03-01-07-01-01-02-15.wav,03,01,07,disgust,normal,01,Kids are talking by the door,02,15,male
03-01-07-01-02-01-15.wav,data\Actor_15\03-01-07-01-02-01-15.wav,03,01,07,disgust,normal,02,Dogs are sitting by the door,01,15,male
03-01-07-01-02-02-15.wav,data\Actor_15\03-01-07-01-02-02-15.wav,03,01,07,disgust,normal,02,Dogs are sitting by the door,02,15,male
03-01-07-02-01-01-15.wav,data\Actor_15\03-01-07-02-01-01-15.wav,03,01,07,disgust,strong,01,Kids are talking by the door,01,15,male
03-01-07-02-01-02-15.wav,data\Actor_15\03-01-07-02-01-02-15.wav,03,01,07,disgust,strong,01,Kids are talking by the door,02,15,male
03-01-07-02-02-01-15.wav,data\Actor_15\03-01-07-02-02-01-15.wav,03,01,07,disgust,strong,02,Dogs are sitting by the door,01,15,male
03-01-07-02-02-02-15.wav,data\Actor_15\03-01-07-02-02-02-15.wav,03,01,07,disgust,strong,02,Dogs are sitting by the door,02,15,male
03-01-08-01-01-01-15.wav,data\Actor_15\03-01-08-01-01-01-15.wav,03,01,08,surprised,normal,01,Kids are talking by the door,01,15,male
03-01-08-01-01-02-15.wav,data\Actor_15\03-01-08-01-01-02-15.wav,03,01,08,surprised,normal,01,Kids are talking by the door,02,15,male
03-01-08-01-02-01-15.wav,data\Actor_15\03-01-08-01-02-01-15.wav,03,01,08,surprised,normal,02,Dogs are sitting by the door,01,15,male
03-01-08-01-02-02-15.wav,data\Actor_15\03-01-08-01-02-02-15.wav,03,01,08,surprised,normal,02,Dogs are sitting by the door,02,15,male
03-01-08-02-01-01-15.wav,data\Actor_15\03-01-08-02-01-01-15.wav,03,01,08,surprised,strong,01,Kids are talking by the door,01,15,male
03-01-08-02-01-02-15.wav,data\Actor_15\03-01-08-02-01-02-15.wav,03,01,08,surprised,strong,01,Kids are talking by the door,02,15,male
03-01-08-02-02-01-15.wav,data\Actor_15\03-01-08-02-02-01-15.wav,03,01,08,surprised,strong,02,Dogs are sitting by the door,01,15,male
03-01-08-02-02-02-15.wav,data\Actor_15\03-01-08-02-02-02-15.wav,03,01,08,surprised,strong,02,Dogs are sitting by the door,02,15,male
03-01-01-01-01-01-16.wav,data\Actor_16\03-01-01-01-01-01-16.wav,03,01,01,neutral,normal,01,Kids are talking by the door,01,16,female
03-01-01-01-01-02-16.wav,data\Actor_16\03-01-01-01-01-02-16.wav,03,01,01,neutral,normal,01,Kids are talking by the door,02,16,female
03-01-01-01-02-01-16.wav,data\Actor_16\03-01-01-01-02-01-16.wav,03,01,01,neutral,normal,02,Dogs are sitting by the door,01,16,female
03-01-01-01-02-02-16.wav,data\Actor_16\03-01-01-01-02-02-16.wav,03,01,01,neutral,normal,02,Dogs are sitting by the door,02,16,female
03-01-02-01-01-01-16.wav,data\Actor_16\03-01-02-01-01-01-16.wav,03,01,02,calm,normal,01,Kids are talking by the door,01,16,female
03-01-02-01-01-02-16.wav,data\Actor_16\03-01-02-01-01-02-16.wav,03,01,02,calm,normal,01,Kids are talking by the door,02,16,female
03-01-02-01-02-01-16.wav,data\Actor_16\03-01-02-01-02-01-16.wav,03,01,02,calm,normal,02,Dogs are sitting by the door,01,16,female
03-01-02-01-02-02-16.wav,data\Actor_16\03-01-02-01-02-02-16.wav,03,01,02,calm,normal,02,Dogs are sitting by the door,02,16,female
03-01-02-02-01-01-16.wav,data\Actor_16\03-01-02-02-01-01-16.wav,03,01,02,calm,strong,01,Kids are talking by the door,01,16,female
03-01-02-02-01-02-16.wav,data\Actor_16\03-01-02-02-01-02-16.wav,03,01,02,calm,strong,01,Kids are talking by the door,02,16,female
03-01-02-02-02-01-16.wav,data\Actor_16\03-01-02-02-02-01-16.wav,03,01,02,calm,strong,02,Dogs are sitting by the door,01,16,female
03-01-02-02-02-02-16.wav,data\Actor_16\03-01-02-02-02-02-16.wav,03,01,02,calm,strong,02,Dogs are sitting by the door,02,16,female
03-01-03-01-01-01-16.wav,data\Actor_16\03-01-03-01-01-01-16.wav,03,01,03,happy,normal,01,Kids are talking by the door,01,16,female
03-01-03-01-01-02-16.wav,data\Actor_16\03-01-03-01-01-02-16.wav,03,01,03,happy,normal,01,Kids are talking by the door,02,16,female
03-01-03-01-02-01-16.wav,data\Actor_16\03-01-03-01-02-01-16.wav,03,01,03,happy,normal,02,Dogs are sitting by the door,01,16,female
03-01-03-01-02-02-16.wav,data\Actor_16\03-01-03-01-02-02-16.wav,03,01,03,happy,normal,02,Dogs are sitting by the door,02,16,female
03-01-03-02-01-01-16.wav,data\Actor_16\03-01-03-02-01-01-16.wav,03,01,03,happy,strong,01,Kids are talking by the door,01,16,female
03-01-03-02-01-02-16.wav,data\Actor_16\03-01-03-02-01-02-16.wav,03,01,03,happy,strong,01,Kids are talking by the door,02,16,female
03-01-03-02-02-01-16.wav,data\Actor_16\03-01-03-02-02-01-16.wav,03,01,03,happy,strong,02,Dogs are sitting by the door,01,16,female
03-01-03-02-02-02-16.wav,data\Actor_16\03-01-03-02-02-02-16.wav,03,01,03,happy,strong,02,Dogs are sitting by the door,02,16,female
03-01-04-01-01-01-16.wav,data\Actor_16\03-01-04-01-01-01-16.wav,03,01,04,sad,normal,01,Kids are talking by the door,01,16,female
03-01-04-01-01-02-16.wav,data\Actor_16\03-01-04-01-01-02-16.wav,03,01,04,sad,normal,01,Kids are talking by the door,02,16,female
03-01-04-01-02-01-16.wav,data\Actor_16\03-01-04-01-02-01-16.wav,03,01,04,sad,normal,02,Dogs are sitting by the door,01,16,female
03-01-04-01-02-02-16.wav,data\Actor_16\03-01-04-01-02-02-16.wav,03,01,04,sad,normal,02,Dogs are sitting by the door,02,16,female
03-01-04-02-01-01-16.wav,data\Actor_16\03-01-04-02-01-01-16.wav,03,01,04,sad,strong,01,Kids are talking by the door,01,16,female
03-01-04-02-01-02-16.wav,data\Actor_16\03-01-04-02-01-02-16.wav,03,01,04,sad,strong,01,Kids are talking by the door,02,16,female
03-01-04-02-02-01-16.wav,data\Actor_16\03-01-04-02-02-01-16.wav,03,01,04,sad,strong,02,Dogs are sitting by the door,01,16,female
03-01-04-02-02-02-16.wav,data\Actor_16\03-01-04-02-02-02-16.wav,03,01,04,sad,strong,02,Dogs are sitting by the door,02,16,female
03-01-05-01-01-01-16.wav,data\Actor_16\03-01-05-01-01-01-16.wav,03,01,05,angry,normal,01,Kids are talking by the door,01,16,female
03-01-05-01-01-02-16.wav,data\Actor_16\03-01-05-01-01-02-16.wav,03,01,05,angry,normal,01,Kids are talking by the door,02,16,female
03-01-05-01-02-01-16.wav,data\Actor_16\03-01-05-01-02-01-16.wav,03,01,05,angry,normal,02,Dogs are sitting by the door,01,16,female
03-01-05-01-02-02-16.wav,data\Actor_16\03-01-05-01-02-02-16.wav,03,01,05,angry,normal,02,Dogs are sitting by the door,02,16,female
03-01-05-02-01-01-16.wav,data\Actor_16\03-01-05-02-01-01-16.wav,03,01,05,angry,strong,01,Kids are talking by the door,01,16,female
03-01-05-02-01-02-16.wav,data\Actor_16\03-01-05-02-01-02-16.wav,03,01,05,angry,strong,01,Kids are talking by the door,02,16,female
03-01-05-02-02-01-16.wav,data\Actor_16\03-01-05-02-02-01-16.wav,03,01,05,angry,strong,02,Dogs are sitting by the door,01,16,female
03-01-05-02-02-02-16.wav,data\Actor_16\03-01-05-02-02-02-16.wav,03,01,05,angry,strong,02,Dogs are sitting by the door,02,16,female
03-01-06-01-01-01-16.wav,data\Actor_16\03-01-06-01-01-01-16.wav,03,01,06,fearful,normal,01,Kids are talking by the door,01,16,female
03-01-06-01-01-02-16.wav,data\Actor_16\03-01-06-01-01-02-16.wav,03,01,06,fearful,normal,01,Kids are talking by the door,02,16,female
03-01-06-01-02-01-16.wav,data\Actor_16\03-01-06-01-02-01-16.wav,03,01,06,fearful,normal,02,Dogs are sitting by the door,01,16,female
03-01-06-01-02-02-16.wav,data\Actor_16\03-01-06-01-02-02-16.wav,03,01,06,fearful,normal,02,Dogs are sitting by the door,02,16,female
03-01-06-02-01-01-16.wav,data\Actor_16\03-01-06-02-01-01-16.wav,03,01,06,fearful,strong,01,Kids are talking by the door,01,16,female
03-01-06-02-01-02-16.wav,data\Actor_16\03-01-06-02-01-02-16.wav,03,01,06,fearful,strong,01,Kids are talking by the door,02,16,female
03-01-06-02-02-01-16.wav,data\Actor_16\03-01-06-02-02-01-16.wav,03,01,06,fearful,strong,02,Dogs are sitting by the door,01,16,female
03-01-06-02-02-02-16.wav,data\Actor_16\03-01-06-02-02-02-16.wav,03,01,06,fearful,strong,02,Dogs are sitting by the door,02,16,female
03-01-07-01-01-01-16.wav,data\Actor_16\03-01-07-01-01-01-16.wav,03,01,07,disgust,normal,01,Kids are talking by the door,01,16,female
03-01-07-01-01-02-16.wav,data\Actor_16\03-01-07-01-01-02-16.wav,03,01,07,disgust,normal,01,Kids are talking by the door,02,16,female
03-01-07-01-02-01-16.wav,data\Actor_16\03-01-07-01-02-01-16.wav,03,01,07,disgust,normal,02,Dogs are sitting by the door,01,16,female
03-01-07-01-02-02-16.wav,data\Actor_16\03-01-07-01-02-02-16.wav,03,01,07,disgust,normal,02,Dogs are sitting by the door,02,16,female
03-01-07-02-01-01-16.wav,data\Actor_16\03-01-07-02-01-01-16.wav,03,01,07,disgust,strong,01,Kids are talking by the door,01,16,female
03-01-07-02-01-02-16.wav,data\Actor_16\03-01-07-02-01-02-16.wav,03,01,07,disgust,strong,01,Kids are talking by the door,02,16,female
03-01-07-02-02-01-16.wav,data\Actor_16\03-01-07-02-02-01-16.wav,03,01,07,disgust,strong,02,Dogs are sitting by the door,01,16,female
03-01-07-02-02-02-16.wav,data\Actor_16\03-01-07-02-02-02-16.wav,03,01,07,disgust,strong,02,Dogs are sitting by the door,02,16,female
03-01-08-01-01-01-16.wav,data\Actor_16\03-01-08-01-01-01-16.wav,03,01,08,surprised,normal,01,Kids are talking by the door,01,16,female
03-01-08-01-01-02-16.wav,data\Actor_16\03-01-08-01-01-02-16.wav,03,01,08,surprised,normal,01,Kids are talking by the door,02,16,female
03-01-08-01-02-01-16.wav,data\Actor_16\03-01-08-01-02-01-16.wav,03,01,08,surprised,normal,02,Dogs are sitting by the door,01,16,female
03-01-08-01-02-02-16.wav,data\Actor_16\03-01-08-01-02-02-16.wav,03,01,08,surprised,normal,02,Dogs are sitting by the door,02,16,female
03-01-08-02-01-01-16.wav,data\Actor_16\03-01-08-02-01-01-16.wav,03,01,08,surprised,strong,01,Kids are talking by the door,01,16,female
03-01-08-02-01-02-16.wav,data\Actor_16\03-01-08-02-01-02-16.wav,03,01,08,surprised,strong,01,Kids are talking by the door,02,16,female
03-01-08-02-02-01-16.wav,data\Actor_16\03-01-08-02-02-01-16.wav,03,01,08,surprised,strong,02,Dogs are sitting by the door,01,16,female
03-01-08-02-02-02-16.wav,data\Actor_16\03-01-08-02-02-02-16.wav,03,01,08,surprised,strong,02,Dogs are sitting by the door,02,16,female
03-01-01-01-01-01-17.wav,data\Actor_17\03-01-01-01-01-01-17.wav,03,01,01,neutral,normal,01,Kids are talking by the door,01,17,male
03-01-01-01-01-02-17.wav,data\Actor_17\03-01-01-01-01-02-17.wav,03,01,01,neutral,normal,01,Kids are talking by the door,02,17,male
03-01-01-01-02-01-17.wav,data\Actor_17\03-01-01-01-02-01-17.wav,03,01,01,neutral,normal,02,Dogs are sitting by the door,01,17,male
03-01-01-01-02-02-17.wav,data\Actor_17\03-01-01-01-02-02-17.wav,03,01,01,neutral,normal,02,Dogs are sitting by the door,02,17,male
03-01-02-01-01-01-17.wav,data\Actor_17\03-01-02-01-01-01-17.wav,03,01,02,calm,normal,01,Kids are talking by the door,01,17,male
03-01-02-01-01-02-17.wav,data\Actor_17\03-01-02-01-01-02-17.wav,03,01,02,calm,normal,01,Kids are talking by the door,02,17,male
03-01-02-01-02-01-17.wav,data\Actor_17\03-01-02-01-02-01-17.wav,03,01,02,calm,normal,02,Dogs are sitting by the door,01,17,male
03-01-02-01-02-02-17.wav,data\Actor_17\03-01-02-01-02-02-17.wav,03,01,02,calm,normal,02,Dogs are sitting by the door,02,17,male
03-01-02-02-01-01-17.wav,data\Actor_17\03-01-02-02-01-01-17.wav,03,01,02,calm,strong,01,Kids are talking by the door,01,17,male
03-01-02-02-01-02-17.wav,data\Actor_17\03-01-02-02-01-02-17.wav,03,01,02,calm,strong,01,Kids are talking by the door,02,17,male
03-01-02-02-02-01-17.wav,data\Actor_17\03-01-02-02-02-01-17.wav,03,01,02,calm,strong,02,Dogs are sitting by the door,01,17,male
03-01-02-02-02-02-17.wav,data\Actor_17\03-01-02-02-02-02-17.wav,03,01,02,calm,strong,02,Dogs are sitting by the door,02,17,male
03-01-03-01-01-01-17.wav,data\Actor_17\03-01-03-01-01-01-17.wav,03,01,03,happy,normal,01,Kids are talking by the door,01,17,male
03-01-03-01-01-02-17.wav,data\Actor_17\03-01-03-01-01-02-17.wav,03,01,03,happy,normal,01,Kids are talking by the door,02,17,male
03-01-03-01-02-01-17.wav,data\Actor_17\03-01-03-01-02-01-17.wav,03,01,03,happy,normal,02,Dogs are sitting by the door,01,17,male
03-01-03-01-02-02-17.wav,data\Actor_17\03-01-03-01-02-02-17.wav,03,01,03,happy,normal,02,Dogs are sitting by the door,02,17,male
03-01-03-02-01-01-17.wav,data\Actor_17\03-01-03-02-01-01-17.wav,03,01,03,happy,strong,01,Kids are talking by the door,01,17,male
03-01-03-02-01-02-17.wav,data\Actor_17\03-01-03-02-01-02-17.wav,03,01,03,happy,strong,01,Kids are talking by the door,02,17,male
03-01-03-02-02-01-17.wav,data\Actor_17\03-01-03-02-02-01-17.wav,03,01,03,happy,strong,02,Dogs are sitting by the door,01,17,male
03-01-03-02-02-02-17.wav,data\Actor_17\03-01-03-02-02-02-17.wav,03,01,03,happy,strong,02,Dogs are sitting by the door,02,17,male
03-01-04-01-01-01-17.wav,data\Actor_17\03-01-04-01-01-01-17.wav,03,01,04,sad,normal,01,Kids are talking by the door,01,17,male
03-01-04-01-01-02-17.wav,data\Actor_17\03-01-04-01-01-02-17.wav,03,01,04,sad,normal,01,Kids are talking by the door,02,17,male
03-01-04-01-02-01-17.wav,data\Actor_17\03-01-04-01-02-01-17.wav,03,01,04,sad,normal,02,Dogs are sitting by the door,01,17,male
03-01-04-01-02-02-17.wav,data\Actor_17\03-01-04-01-02-02-17.wav,03,01,04,sad,normal,02,Dogs are sitting by the door,02,17,male
03-01-04-02-01-01-17.wav,data\Actor_17\03-01-04-02-01-01-17.wav,03,01,04,sad,strong,01,Kids are talking by the door,01,17,male
03-01-04-02-01-02-17.wav,data\Actor_17\03-01-04-02-01-02-17.wav,03,01,04,sad,strong,01,Kids are talking by the door,02,17,male
03-01-04-02-02-01-17.wav,data\Actor_17\03-01-04-02-02-01-17.wav,03,01,04,sad,strong,02,Dogs are sitting by the door,01,17,male
03-01-04-02-02-02-17.wav,data\Actor_17\03-01-04-02-02-02-17.wav,03,01,04,sad,strong,02,Dogs are sitting by the door,02,17,male
03-01-05-01-01-01-17.wav,data\Actor_17\03-01-05-01-01-01-17.wav,03,01,05,angry,normal,01,Kids are talking by the door,01,17,male
03-01-05-01-01-02-17.wav,data\Actor_17\03-01-05-01-01-02-17.wav,03,01,05,angry,normal,01,Kids are talking by the door,02,17,male
03-01-05-01-02-01-17.wav,data\Actor_17\03-01-05-01-02-01-17.wav,03,01,05,angry,normal,02,Dogs are sitting by the door,01,17,male
03-01-05-01-02-02-17.wav,data\Actor_17\03-01-05-01-02-02-17.wav,03,01,05,angry,normal,02,Dogs are sitting by the door,02,17,male
03-01-05-02-01-01-17.wav,data\Actor_17\03-01-05-02-01-01-17.wav,03,01,05,angry,strong,01,Kids are talking by the door,01,17,male
03-01-05-02-01-02-17.wav,data\Actor_17\03-01-05-02-01-02-17.wav,03,01,05,angry,strong,01,Kids are talking by the door,02,17,male
03-01-05-02-02-01-17.wav,data\Actor_17\03-01-05-02-02-01-17.wav,03,01,05,angry,strong,02,Dogs are sitting by the door,01,17,male
03-01-05-02-02-02-17.wav,data\Actor_17\03-01-05-02-02-02-17.wav,03,01,05,angry,strong,02,Dogs are sitting by the door,02,17,male
03-01-06-01-01-01-17.wav,data\Actor_17\03-01-06-01-01-01-17.wav,03,01,06,fearful,normal,01,Kids are talking by the door,01,17,male
03-01-06-01-01-02-17.wav,data\Actor_17\03-01-06-01-01-02-17.wav,03,01,06,fearful,normal,01,Kids are talking by the door,02,17,male
03-01-06-01-02-01-17.wav,data\Actor_17\03-01-06-01-02-01-17.wav,03,01,06,fearful,normal,02,Dogs are sitting by the door,01,17,male
03-01-06-01-02-02-17.wav,data\Actor_17\03-01-06-01-02-02-17.wav,03,01,06,fearful,normal,02,Dogs are sitting by the door,02,17,male
03-01-06-02-01-01-17.wav,data\Actor_17\03-01-06-02-01-01-17.wav,03,01,06,fearful,strong,01,Kids are talking by the door,01,17,male
03-01-06-02-01-02-17.wav,data\Actor_17\03-01-06-02-01-02-17.wav,03,01,06,fearful,strong,01,Kids are talking by the door,02,17,male
03-01-06-02-02-01-17.wav,data\Actor_17\03-01-06-02-02-01-17.wav,03,01,06,fearful,strong,02,Dogs are sitting by the door,01,17,male
03-01-06-02-02-02-17.wav,data\Actor_17\03-01-06-02-02-02-17.wav,03,01,06,fearful,strong,02,Dogs are sitting by the door,02,17,male
03-01-07-01-01-01-17.wav,data\Actor_17\03-01-07-01-01-01-17.wav,03,01,07,disgust,normal,01,Kids are talking by the door,01,17,male
03-01-07-01-01-02-17.wav,data\Actor_17\03-01-07-01-01-02-17.wav,03,01,07,disgust,normal,01,Kids are talking by the door,02,17,male
03-01-07-01-02-01-17.wav,data\Actor_17\03-01-07-01-02-01-17.wav,03,01,07,disgust,normal,02,Dogs are sitting by the door,01,17,male
03-01-07-01-02-02-17.wav,data\Actor_17\03-01-07-01-02-02-17.wav,03,01,07,disgust,normal,02,Dogs are sitting by the door,02,17,male
03-01-07-02-01-01-17.wav,data\Actor_17\03-01-07-02-01-01-17.wav,03,01,07,disgust,strong,01,Kids are talking by the door,01,17,male
03-01-07-02-01-02-17.wav,data\Actor_17\03-01-07-02-01-02-17.wav,03,01,07,disgust,strong,01,Kids are talking by the door,02,17,male
03-01-07-02-02-01-17.wav,data\Actor_17\03-01-07-02-02-01-17.wav,03,01,07,disgust,strong,02,Dogs are sitting by the door,01,17,male
03-01-07-02-02-02-17.wav,data\Actor_17\03-01-07-02-02-02-17.wav,03,01,07,disgust,strong,02,Dogs are sitting by the door,02,17,male
03-01-08-01-01-01-17.wav,data\Actor_17\03-01-08-01-01-01-17.wav,03,01,08,surprised,normal,01,Kids are talking by the door,01,17,male
03-01-08-01-01-02-17.wav,data\Actor_17\03-01-08-01-01-02-17.wav,03,01,08,surprised,normal,01,Kids are talking by the door,02,17,male
03-01-08-01-02-01-17.wav,data\Actor_17\03-01-08-01-02-01-17.wav,03,01,08,surprised,normal,02,Dogs are sitting by the door,01,17,male
03-01-08-01-02-02-17.wav,data\Actor_17\03-01-08-01-02-02-17.wav,03,01,08,surprised,normal,02,Dogs are sitting by the door,02,17,male
03-01-08-02-01-01-17.wav,data\Actor_17\03-01-08-02-01-01-17.wav,03,01,08,surprised,strong,01,Kids are talking by the door,01,17,male
03-01-08-02-01-02-17.wav,data\Actor_17\03-01-08-02-01-02-17.wav,03,01,08,surprised,strong,01,Kids are talking by the door,02,17,male
03-01-08-02-02-01-17.wav,data\Actor_17\03-01-08-02-02-01-17.wav,03,01,08,surprised,strong,02,Dogs are sitting by the door,01,17,male
03-01-08-02-02-02-17.wav,data\Actor_17\03-01-08-02-02-02-17.wav,03,01,08,surprised,strong,02,Dogs are sitting by the door,02,17,male
03-01-01-01-01-01-18.wav,data\Actor_18\03-01-01-01-01-01-18.wav,03,01,01,neutral,normal,01,Kids are talking by the door,01,18,female
03-01-01-01-01-02-18.wav,data\Actor_18\03-01-01-01-01-02-18.wav,03,01,01,neutral,normal,01,Kids are talking by the door,02,18,female
03-01-01-01-02-01-18.wav,data\Actor_18\03-01-01-01-02-01-18.wav,03,01,01,neutral,normal,02,Dogs are sitting by the door,01,18,female
03-01-01-01-02-02-18.wav,data\Actor_18\03-01-01-01-02-02-18.wav,03,01,01,neutral,normal,02,Dogs are sitting by the door,02,18,female
03-01-02-01-01-01-18.wav,data\Actor_18\03-01-02-01-01-01-18.wav,03,01,02,calm,normal,01,Kids are talking by the door,01,18,female
03-01-02-01-01-02-18.wav,data\Actor_18\03-01-02-01-01-02-18.wav,03,01,02,calm,normal,01,Kids are talking by the door,02,18,female
03-01-02-01-02-01-18.wav,data\Actor_18\03-01-02-01-02-01-18.wav,03,01,02,calm,normal,02,Dogs are sitting by the door,01,18,female
03-01-02-01-02-02-18.wav,data\Actor_18\03-01-02-01-02-02-18.wav,03,01,02,calm,normal,02,Dogs are sitting by the door,02,18,female
03-01-02-02-01-01-18.wav,data\Actor_18\03-01-02-02-01-01-18.wav,03,01,02,calm,strong,01,Kids are talking by the door,01,18,female
03-01-02-02-01-02-18.wav,data\Actor_18\03-01-02-02-01-02-18.wav,03,01,02,calm,strong,01,Kids are talking by the door,02,18,female
03-01-02-02-02-01-18.wav,data\Actor_18\03-01-02-02-02-01-18.wav,03,01,02,calm,strong,02,Dogs are sitting by the door,01,18,female
03-01-02-02-02-02-18.wav,data\Actor_18\03-01-02-02-02-02-18.wav,03,01,02,calm,strong,02,Dogs are sitting by the door,02,18,female
03-01-03-01-01-01-18.wav,data\Actor_18\03-01-03-01-01-01-18.wav,03,01,03,happy,normal,01,Kids are talking by the door,01,18,female
03-01-03-01-01-02-18.wav,data\Actor_18\03-01-03-01-01-02-18.wav,03,01,03,happy,normal,01,Kids are talking by the door,02,18,female
03-01-03-01-02-01-18.wav,data\Actor_18\03-01-03-01-02-01-18.wav,03,01,03,happy,normal,02,Dogs are sitting by the door,01,18,female
03-01-03-01-02-02-18.wav,data\Actor_18\03-01-03-01-02-02-18.wav,03,01,03,happy,normal,02,Dogs are sitting by the door,02,18,female
03-01-03-02-01-01-18.wav,data\Actor_18\03-01-03-02-01-01-18.wav,03,01,03,happy,strong,01,Kids are talking by the door,01,18,female
03-01-03-02-01-02-18.wav,data\Actor_18\03-01-03-02-01-02-18.wav,03,01,03,happy,strong,01,Kids are talking by the door,02,18,female
03-01-03-02-02-01-18.wav,data\Actor_18\03-01-03-02-02-01-18.wav,03,01,03,happy,strong,02,Dogs are sitting by the door,01,18,female
03-01-03-02-02-02-18.wav,data\Actor_18\03-01-03-02-02-02-18.wav,03,01,03,happy,strong,02,Dogs are sitting by the door,02,18,female
03-01-04-01-01-01-18.wav,data\Actor_18\03-01-04-01-01-01-18.wav,03,01,04,sad,normal,01,Kids are talking by the door,01,18,female
03-01-04-01-01-02-18.wav,data\Actor_18\03-01-04-01-01-02-18.wav,03,01,04,sad,normal,01,Kids are talking by the door,02,18,female
03-01-04-01-02-01-18.wav,data\Actor_18\03-01-04-01-02-01-18.wav,03,01,04,sad,normal,02,Dogs are sitting by the door,01,18,female
03-01-04-01-02-02-18.wav,data\Actor_18\03-01-04-01-02-02-18.wav,03,01,04,sad,normal,02,Dogs are sitting by the door,02,18,female
03-01-04-02-01-01-18.wav,data\Actor_18\03-01-04-02-01-01-18.wav,03,01,04,sad,strong,01,Kids are talking by the door,01,18,female
03-01-04-02-01-02-18.wav,data\Actor_18\03-01-04-02-01-02-18.wav,03,01,04,sad,strong,01,Kids are talking by the door,02,18,female
03-01-04-02-02-01-18.wav,data\Actor_18\03-01-04-02-02-01-18.wav,03,01,04,sad,strong,02,Dogs are sitting by the door,01,18,female
03-01-04-02-02-02-18.wav,data\Actor_18\03-01-04-02-02-02-18.wav,03,01,04,sad,strong,02,Dogs are sitting by the door,02,18,female
03-01-05-01-01-01-18.wav,data\Actor_18\03-01-05-01-01-01-18.wav,03,01,05,angry,normal,01,Kids are talking by the door,01,18,female
03-01-05-01-01-02-18.wav,data\Actor_18\03-01-05-01-01-02-18.wav,03,01,05,angry,normal,01,Kids are talking by the door,02,18,female
03-01-05-01-02-01-18.wav,data\Actor_18\03-01-05-01-02-01-18.wav,03,01,05,angry,normal,02,Dogs are sitting by the door,01,18,female
03-01-05-01-02-02-18.wav,data\Actor_18\03-01-05-01-02-02-18.wav,03,01,05,angry,normal,02,Dogs are sitting by the door,02,18,female
03-01-05-02-01-01-18.wav,data\Actor_18\03-01-05-02-01-01-18.wav,03,01,05,angry,strong,01,Kids are talking by the door,01,18,female
03-01-05-02-01-02-18.wav,data\Actor_18\03-01-05-02-01-02-18.wav,03,01,05,angry,strong,01,Kids are talking by the door,02,18,female
03-01-05-02-02-01-18.wav,data\Actor_18\03-01-05-02-02-01-18.wav,03,01,05,angry,strong,02,Dogs are sitting by the door,01,18,female
03-01-05-02-02-02-18.wav,data\Actor_18\03-01-05-02-02-02-18.wav,03,01,05,angry,strong,02,Dogs are sitting by the door,02,18,female
03-01-06-01-01-01-18.wav,data\Actor_18\03-01-06-01-01-01-18.wav,03,01,06,fearful,normal,01,Kids are talking by the door,01,18,female
03-01-06-01-01-02-18.wav,data\Actor_18\03-01-06-01-01-02-18.wav,03,01,06,fearful,normal,01,Kids are talking by the door,02,18,female
03-01-06-01-02-01-18.wav,data\Actor_18\03-01-06-01-02-01-18.wav,03,01,06,fearful,normal,02,Dogs are sitting by the door,01,18,female
03-01-06-01-02-02-18.wav,data\Actor_18\03-01-06-01-02-02-18.wav,03,01,06,fearful,normal,02,Dogs are sitting by the door,02,18,female
03-01-06-02-01-01-18.wav,data\Actor_18\03-01-06-02-01-01-18.wav,03,01,06,fearful,strong,01,Kids are talking by the door,01,18,female
03-01-06-02-01-02-18.wav,data\Actor_18\03-01-06-02-01-02-18.wav,03,01,06,fearful,strong,01,Kids are talking by the door,02,18,female
03-01-06-02-02-01-18.wav,data\Actor_18\03-01-06-02-02-01-18.wav,03,01,06,fearful,strong,02,Dogs are sitting by the door,01,18,female
03-01-06-02-02-02-18.wav,data\Actor_18\03-01-06-02-02-02-18.wav,03,01,06,fearful,strong,02,Dogs are sitting by the door,02,18,female
03-01-07-01-01-01-18.wav,data\Actor_18\03-01-07-01-01-01-18.wav,03,01,07,disgust,normal,01,Kids are talking by the door,01,18,female
03-01-07-01-01-02-18.wav,data\Actor_18\03-01-07-01-01-02-18.wav,03,01,07,disgust,normal,01,Kids are talking by the door,02,18,female
03-01-07-01-02-01-18.wav,data\Actor_18\03-01-07-01-02-01-18.wav,03,01,07,disgust,normal,02,Dogs are sitting by the door,01,18,female
03-01-07-01-02-02-18.wav,data\Actor_18\03-01-07-01-02-02-18.wav,03,01,07,disgust,normal,02,Dogs are sitting by the door,02,18,female
03-01-07-02-01-01-18.wav,data\Actor_18\03-01-07-02-01-01-18.wav,03,01,07,disgust,strong,01,Kids are talking by the door,01,18,female
03-01-07-02-01-02-18.wav,data\Actor_18\03-01-07-02-01-02-18.wav,03,01,07,disgust,strong,01,Kids are talking by the door,02,18,female
03-01-07-02-02-01-18.wav,data\Actor_18\03-01-07-02-02-01-18.wav,03,01,07,disgust,strong,02,Dogs are sitting by the door,01,18,female
03-01-07-02-02-02-18.wav,data\Actor_18\03-01-07-02-02-02-18.wav,03,01,07,disgust,strong,02,Dogs are sitting by the door,02,18,female
03-01-08-01-01-01-18.wav,data\Actor_18\03-01-08-01-01-01-18.wav,03,01,08,surprised,normal,01,Kids are talking by the door,01,18,female
03-01-08-01-01-02-18.wav,data\Actor_18\03-01-08-01-01-02-18.wav,03,01,08,surprised,normal,01,Kids are talking by the door,02,18,female
03-01-08-01-02-01-18.wav,data\Actor_18\03-01-08-01-02-01-18.wav,03,01,08,surprised,normal,02,Dogs are sitting by the door,01,18,female
03-01-08-01-02-02-18.wav,data\Actor_18\03-01-08-01-02-02-18.wav,03,01,08,surprised,normal,02,Dogs are sitting by the door,02,18,female
03-01-08-02-01-01-18.wav,data\Actor_18\03-01-08-02-01-01-18.wav,03,01,08,surprised,strong,01,Kids are talking by the door,01,18,female
03-01-08-02-01-02-18.wav,data\Actor_18\03-01-08-02-01-02-18.wav,03,01,08,surprised,strong,01,Kids are talking by the door,02,18,female
03-01-08-02-02-01-18.wav,data\Actor_18\03-01-08-02-02-01-18.wav,03,01,08,surprised,strong,02,Dogs are sitting by the door,01,18,female
03-01-08-02-02-02-18.wav,data\Actor_18\03-01-08-02-02-02-18.wav,03,01,08,surprised,strong,02,Dogs are sitting by the door,02,18,female
03-01-01-01-01-01-19.wav,data\Actor_19\03-01-01-01-01-01-19.wav,03,01,01,neutral,normal,01,Kids are talking by the door,01,19,male
03-01-01-01-01-02-19.wav,data\Actor_19\03-01-01-01-01-02-19.wav,03,01,01,neutral,normal,01,Kids are talking by the door,02,19,male
03-01-01-01-02-01-19.wav,data\Actor_19\03-01-01-01-02-01-19.wav,03,01,01,neutral,normal,02,Dogs are sitting by the door,01,19,male
03-01-01-01-02-02-19.wav,data\Actor_19\03-01-01-01-02-02-19.wav,03,01,01,neutral,normal,02,Dogs are sitting by the door,02,19,male
03-01-02-01-01-01-19.wav,data\Actor_19\03-01-02-01-01-01-19.wav,03,01,02,calm,normal,01,Kids are talking by the door,01,19,male
03-01-02-01-01-02-19.wav,data\Actor_19\03-01-02-01-01-02-19.wav,03,01,02,calm,normal,01,Kids are talking by the door,02,19,male
03-01-02-01-02-01-19.wav,data\Actor_19\03-01-02-01-02-01-19.wav,03,01,02,calm,normal,02,Dogs are sitting by the door,01,19,male
03-01-02-01-02-02-19.wav,data\Actor_19\03-01-02-01-02-02-19.wav,03,01,02,calm,normal,02,Dogs are sitting by the door,02,19,male
03-01-02-02-01-01-19.wav,data\Actor_19\03-01-02-02-01-01-19.wav,03,01,02,calm,strong,01,Kids are talking by the door,01,19,male
03-01-02-02-01-02-19.wav,data\Actor_19\03-01-02-02-01-02-19.wav,03,01,02,calm,strong,01,Kids are talking by the door,02,19,male
03-01-02-02-02-01-19.wav,data\Actor_19\03-01-02-02-02-01-19.wav,03,01,02,calm,strong,02,Dogs are sitting by the door,01,19,male
03-01-02-02-02-02-19.wav,data\Actor_19\03-01-02-02-02-02-19.wav,03,01,02,calm,strong,02,Dogs are sitting by the door,02,19,male
03-01-03-01-01-01-19.wav,data\Actor_19\03-01-03-01-01-01-19.wav,03,01,03,happy,normal,01,Kids are talking by the door,01,19,male
03-01-03-01-01-02-19.wav,data\Actor_19\03-01-03-01-01-02-19.wav,03,01,03,happy,normal,01,Kids are talking by the door,02,19,male
03-01-03-01-02-01-19.wav,data\Actor_19\03-01-03-01-02-01-19.wav,03,01,03,happy,normal,02,Dogs are sitting by the door,01,19,male
03-01-03-01-02-02-19.wav,data\Actor_19\03-01-03-01-02-02-19.wav,03,01,03,happy,normal,02,Dogs are sitting by the door,02,19,male
03-01-03-02-01-01-19.wav,data\Actor_19\03-01-03-02-01-01-19.wav,03,01,03,happy,strong,01,Kids are talking by the door,01,19,male
03-01-03-02-01-02-19.wav,data\Actor_19\03-01-03-02-01-02-19.wav,03,01,03,happy,strong,01,Kids are talking by the door,02,19,male
03-01-03-02-02-01-19.wav,data\Actor_19\03-01-03-02-02-01-19.wav,03,01,03,happy,strong,02,Dogs are sitting by the door,01,19,male
03-01-03-02-02-02-19.wav,data\Actor_19\03-01-03-02-02-02-19.wav,03,01,03,happy,strong,02,Dogs are sitting by the door,02,19,male
03-01-04-01-01-01-19.wav,data\Actor_19\03-01-04-01-01-01-19.wav,03,01,04,sad,normal,01,Kids are talking by the door,01,19,male
03-01-04-01-01-02-19.wav,data\Actor_19\03-01-04-01-01-02-19.wav,03,01,04,sad,normal,01,Kids are talking by the door,02,19,male
03-01-04-01-02-01-19.wav,data\Actor_19\03-01-04-01-02-01-19.wav,03,01,04,sad,normal,02,Dogs are sitting by the door,01,19,male
03-01-04-01-02-02-19.wav,data\Actor_19\03-01-04-01-02-02-19.wav,03,01,04,sad,normal,02,Dogs are sitting by the door,02,19,male
03-01-04-02-01-01-19.wav,data\Actor_19\03-01-04-02-01-01-19.wav,03,01,04,sad,strong,01,Kids are talking by the door,01,19,male
03-01-04-02-01-02-19.wav,data\Actor_19\03-01-04-02-01-02-19.wav,03,01,04,sad,strong,01,Kids are talking by the door,02,19,male
03-01-04-02-02-01-19.wav,data\Actor_19\03-01-04-02-02-01-19.wav,03,01,04,sad,strong,02,Dogs are sitting by the door,01,19,male
03-01-04-02-02-02-19.wav,data\Actor_19\03-01-04-02-02-02-19.wav,03,01,04,sad,strong,02,Dogs are sitting by the door,02,19,male
03-01-05-01-01-01-19.wav,data\Actor_19\03-01-05-01-01-01-19.wav,03,01,05,angry,normal,01,Kids are talking by the door,01,19,male
03-01-05-01-01-02-19.wav,data\Actor_19\03-01-05-01-01-02-19.wav,03,01,05,angry,normal,01,Kids are talking by the door,02,19,male
03-01-05-01-02-01-19.wav,data\Actor_19\03-01-05-01-02-01-19.wav,03,01,05,angry,normal,02,Dogs are sitting by the door,01,19,male
03-01-05-01-02-02-19.wav,data\Actor_19\03-01-05-01-02-02-19.wav,03,01,05,angry,normal,02,Dogs are sitting by the door,02,19,male
03-01-05-02-01-01-19.wav,data\Actor_19\03-01-05-02-01-01-19.wav,03,01,05,angry,strong,01,Kids are talking by the door,01,19,male
03-01-05-02-01-02-19.wav,data\Actor_19\03-01-05-02-01-02-19.wav,03,01,05,angry,strong,01,Kids are talking by the door,02,19,male
03-01-05-02-02-01-19.wav,data\Actor_19\03-01-05-02-02-01-19.wav,03,01,05,angry,strong,02,Dogs are sitting by the door,01,19,male
03-01-05-02-02-02-19.wav,data\Actor_19\03-01-05-02-02-02-19.wav,03,01,05,angry,strong,02,Dogs are sitting by the door,02,19,male
03-01-06-01-01-01-19.wav,data\Actor_19\03-01-06-01-01-01-19.wav,03,01,06,fearful,normal,01,Kids are talking by the door,01,19,male
03-01-06-01-01-02-19.wav,data\Actor_19\03-01-06-01-01-02-19.wav,03,01,06,fearful,normal,01,Kids are talking by the door,02,19,male
03-01-06-01-02-01-19.wav,data\Actor_19\03-01-06-01-02-01-19.wav,03,01,06,fearful,normal,02,Dogs are sitting by the door,01,19,male
03-01-06-01-02-02-19.wav,data\Actor_19\03-01-06-01-02-02-19.wav,03,01,06,fearful,normal,02,Dogs are sitting by the door,02,19,male
03-01-06-02-01-01-19.wav,data\Actor_19\03-01-06-02-01-01-19.wav,03,01,06,fearful,strong,01,Kids are talking by the door,01,19,male
03-01-06-02-01-02-19.wav,data\Actor_19\03-01-06-02-01-02-19.wav,03,01,06,fearful,strong,01,Kids are talking by the door,02,19,male
03-01-06-02-02-01-19.wav,data\Actor_19\03-01-06-02-02-01-19.wav,03,01,06,fearful,strong,02,Dogs are sitting by the door,01,19,male
03-01-06-02-02-02-19.wav,data\Actor_19\03-01-06-02-02-02-19.wav,03,01,06,fearful,strong,02,Dogs are sitting by the door,02,19,male
03-01-07-01-01-01-19.wav,data\Actor_19\03-01-07-01-01-01-19.wav,03,01,07,disgust,normal,01,Kids are talking by the door,01,19,male
03-01-07-01-01-02-19.wav,data\Actor_19\03-01-07-01-01-02-19.wav,03,01,07,disgust,normal,01,Kids are talking by the door,02,19,male
03-01-07-01-02-01-19.wav,data\Actor_19\03-01-07-01-02-01-19.wav,03,01,07,disgust,normal,02,Dogs are sitting by the door,01,19,male
03-01-07-01-02-02-19.wav,data\Actor_19\03-01-07-01-02-02-19.wav,03,01,07,disgust,normal,02,Dogs are sitting by the door,02,19,male
03-01-07-02-01-01-19.wav,data\Actor_19\03-01-07-02-01-01-19.wav,03,01,07,disgust,strong,01,Kids are talking by the door,01,19,male
03-01-07-02-01-02-19.wav,data\Actor_19\03-01-07-02-01-02-19.wav,03,01,07,disgust,strong,01,Kids are talking by the door,02,19,male
03-01-07-02-02-01-19.wav,data\Actor_19\03-01-07-02-02-01-19.wav,03,01,07,disgust,strong,02,Dogs are sitting by the door,01,19,male
03-01-07-02-02-02-19.wav,data\Actor_19\03-01-07-02-02-02-19.wav,03,01,07,disgust,strong,02,Dogs are sitting by the door,02,19,male
03-01-08-01-01-01-19.wav,data\Actor_19\03-01-08-01-01-01-19.wav,03,01,08,surprised,normal,01,Kids are talking by the door,01,19,male
03-01-08-01-01-02-19.wav,data\Actor_19\03-01-08-01-01-02-19.wav,03,01,08,surprised,normal,01,Kids are talking by the door,02,19,male
03-01-08-01-02-01-19.wav,data\Actor_19\03-01-08-01-02-01-19.wav,03,01,08,surprised,normal,02,Dogs are sitting by the door,01,19,male
03-01-08-01-02-02-19.wav,data\Actor_19\03-01-08-01-02-02-19.wav,03,01,08,surprised,normal,02,Dogs are sitting by the door,02,19,male
03-01-08-02-01-01-19.wav,data\Actor_19\03-01-08-02-01-01-19.wav,03,01,08,surprised,strong,01,Kids are talking by the door,01,19,male
03-01-08-02-01-02-19.wav,data\Actor_19\03-01-08-02-01-02-19.wav,03,01,08,surprised,strong,01,Kids are talking by the door,02,19,male
03-01-08-02-02-01-19.wav,data\Actor_19\03-01-08-02-02-01-19.wav,03,01,08,surprised,strong,02,Dogs are sitting by the door,01,19,male
03-01-08-02-02-02-19.wav,data\Actor_19\03-01-08-02-02-02-19.wav,03,01,08,surprised,strong,02,Dogs are sitting by the door,02,19,male
03-01-01-01-01-01-20.wav,data\Actor_20\03-01-01-01-01-01-20.wav,03,01,01,neutral,normal,01,Kids are talking by the door,01,20,female
03-01-01-01-01-02-20.wav,data\Actor_20\03-01-01-01-01-02-20.wav,03,01,01,neutral,normal,01,Kids are talking by the door,02,20,female
03-01-01-01-02-01-20.wav,data\Actor_20\03-01-01-01-02-01-20.wav,03,01,01,neutral,normal,02,Dogs are sitting by the door,01,20,female
03-01-01-01-02-02-20.wav,data\Actor_20\03-01-01-01-02-02-20.wav,03,01,01,neutral,normal,02,Dogs are sitting by the door,02,20,female
03-01-02-01-01-01-20.wav,data\Actor_20\03-01-02-01-01-01-20.wav,03,01,02,calm,normal,01,Kids are talking by the door,01,20,female
03-01-02-01-01-02-20.wav,data\Actor_20\03-01-02-01-01-02-20.wav,03,01,02,calm,normal,01,Kids are talking by the door,02,20,female
03-01-02-01-02-01-20.wav,data\Actor_20\03-01-02-01-02-01-20.wav,03,01,02,calm,normal,02,Dogs are sitting by the door,01,20,female
03-01-02-01-02-02-20.wav,data\Actor_20\03-01-02-01-02-02-20.wav,03,01,02,calm,normal,02,Dogs are sitting by the door,02,20,female
03-01-02-02-01-01-20.wav,data\Actor_20\03-01-02-02-01-01-20.wav,03,01,02,calm,strong,01,Kids are talking by the door,01,20,female
03-01-02-02-01-02-20.wav,data\Actor_20\03-01-02-02-01-02-20.wav,03,01,02,calm,strong,01,Kids are talking by the door,02,20,female
03-01-02-02-02-01-20.wav,data\Actor_20\03-01-02-02-02-01-20.wav,03,01,02,calm,strong,02,Dogs are sitting by the door,01,20,female
03-01-02-02-02-02-20.wav,data\Actor_20\03-01-02-02-02-02-20.wav,03,01,02,calm,strong,02,Dogs are sitting by the door,02,20,female
03-01-03-01-01-01-20.wav,data\Actor_20\03-01-03-01-01-01-20.wav,03,01,03,happy,normal,01,Kids are talking by the door,01,20,female
03-01-03-01-01-02-20.wav,data\Actor_20\03-01-03-01-01-02-20.wav,03,01,03,happy,normal,01,Kids are talking by the door,02,20,female
03-01-03-01-02-01-20.wav,data\Actor_20\03-01-03-01-02-01-20.wav,03,01,03,happy,normal,02,Dogs are sitting by the door,01,20,female
03-01-03-01-02-02-20.wav,data\Actor_20\03-01-03-01-02-02-20.wav,03,01,03,happy,normal,02,Dogs are sitting by the door,02,20,female
03-01-03-02-01-01-20.wav,data\Actor_20\03-01-03-02-01-01-20.wav,03,01,03,happy,strong,01,Kids are talking by the door,01,20,female
03-01-03-02-01-02-20.wav,data\Actor_20\03-01-03-02-01-02-20.wav,03,01,03,happy,strong,01,Kids are talking by the door,02,20,female
03-01-03-02-02-01-20.wav,data\Actor_20\03-01-03-02-02-01-20.wav,03,01,03,happy,strong,02,Dogs are sitting by the door,01,20,female
03-01-03-02-02-02-20.wav,data\Actor_20\03-01-03-02-02-02-20.wav,03,01,03,happy,strong,02,Dogs are sitting by the door,02,20,female
03-01-04-01-01-01-20.wav,data\Actor_20\03-01-04-01-01-01-20.wav,03,01,04,sad,normal,01,Kids are talking by the door,01,20,female
03-01-04-01-01-02-20.wav,data\Actor_20\03-01-04-01-01-02-20.wav,03,01,04,sad,normal,01,Kids are talking by the door,02,20,female
03-01-04-01-02-01-20.wav,data\Actor_20\03-01-04-01-02-01-20.wav,03,01,04,sad,normal,02,Dogs are sitting by the door,01,20,female
03-01-04-01-02-02-20.wav,data\Actor_20\03-01-04-01-02-02-20.wav,03,01,04,sad,normal,02,Dogs are sitting by the door,02,20,female
03-01-04-02-01-01-20.wav,data\Actor_20\03-01-04-02-01-01-20.wav,03,01,04,sad,strong,01,Kids are talking by the door,01,20,female
03-01-04-02-01-02-20.wav,data\Actor_20\03-01-04-02-01-02-20.wav,03,01,04,sad,strong,01,Kids are talking by the door,02,20,female
03-01-04-02-02-01-20.wav,data\Actor_20\03-01-04-02-02-01-20.wav,03,01,04,sad,strong,02,Dogs are sitting by the door,01,20,female
03-01-04-02-02-02-20.wav,data\Actor_20\03-01-04-02-02-02-20.wav,03,01,04,sad,strong,02,Dogs are sitting by the door,02,20,female
03-01-05-01-01-01-20.wav,data\Actor_20\03-01-05-01-01-01-20.wav,03,01,05,angry,normal,01,Kids are talking by the door,01,20,female
03-01-05-01-01-02-20.wav,data\Actor_20\03-01-05-01-01-02-20.wav,03,01,05,angry,normal,01,Kids are talking by the door,02,20,female
03-01-05-01-02-01-20.wav,data\Actor_20\03-01-05-01-02-01-20.wav,03,01,05,angry,normal,02,Dogs are sitting by the door,01,20,female
03-01-05-01-02-02-20.wav,data\Actor_20\03-01-05-01-02-02-20.wav,03,01,05,angry,normal,02,Dogs are sitting by the door,02,20,female
03-01-05-02-01-01-20.wav,data\Actor_20\03-01-05-02-01-01-20.wav,03,01,05,angry,strong,01,Kids are talking by the door,01,20,female
03-01-05-02-01-02-20.wav,data\Actor_20\03-01-05-02-01-02-20.wav,03,01,05,angry,strong,01,Kids are talking by the door,02,20,female
03-01-05-02-02-01-20.wav,data\Actor_20\03-01-05-02-02-01-20.wav,03,01,05,angry,strong,02,Dogs are sitting by the door,01,20,female
03-01-05-02-02-02-20.wav,data\Actor_20\03-01-05-02-02-02-20.wav,03,01,05,angry,strong,02,Dogs are sitting by the door,02,20,female
03-01-06-01-01-01-20.wav,data\Actor_20\03-01-06-01-01-01-20.wav,03,01,06,fearful,normal,01,Kids are talking by the door,01,20,female
03-01-06-01-01-02-20.wav,data\Actor_20\03-01-06-01-01-02-20.wav,03,01,06,fearful,normal,01,Kids are talking by the door,02,20,female
03-01-06-01-02-01-20.wav,data\Actor_20\03-01-06-01-02-01-20.wav,03,01,06,fearful,normal,02,Dogs are sitting by the door,01,20,female
03-01-06-01-02-02-20.wav,data\Actor_20\03-01-06-01-02-02-20.wav,03,01,06,fearful,normal,02,Dogs are sitting by the door,02,20,female
03-01-06-02-01-01-20.wav,data\Actor_20\03-01-06-02-01-01-20.wav,03,01,06,fearful,strong,01,Kids are talking by the door,01,20,female
03-01-06-02-01-02-20.wav,data\Actor_20\03-01-06-02-01-02-20.wav,03,01,06,fearful,strong,01,Kids are talking by the door,02,20,female
03-01-06-02-02-01-20.wav,data\Actor_20\03-01-06-02-02-01-20.wav,03,01,06,fearful,strong,02,Dogs are sitting by the door,01,20,female
03-01-06-02-02-02-20.wav,data\Actor_20\03-01-06-02-02-02-20.wav,03,01,06,fearful,strong,02,Dogs are sitting by the door,02,20,female
03-01-07-01-01-01-20.wav,data\Actor_20\03-01-07-01-01-01-20.wav,03,01,07,disgust,normal,01,Kids are talking by the door,01,20,female
03-01-07-01-01-02-20.wav,data\Actor_20\03-01-07-01-01-02-20.wav,03,01,07,disgust,normal,01,Kids are talking by the door,02,20,female
03-01-07-01-02-01-20.wav,data\Actor_20\03-01-07-01-02-01-20.wav,03,01,07,disgust,normal,02,Dogs are sitting by the door,01,20,female
03-01-07-01-02-02-20.wav,data\Actor_20\03-01-07-01-02-02-20.wav,03,01,07,disgust,normal,02,Dogs are sitting by the door,02,20,female
03-01-07-02-01-01-20.wav,data\Actor_20\03-01-07-02-01-01-20.wav,03,01,07,disgust,strong,01,Kids are talking by the door,01,20,female
03-01-07-02-01-02-20.wav,data\Actor_20\03-01-07-02-01-02-20.wav,03,01,07,disgust,strong,01,Kids are talking by the door,02,20,female
03-01-07-02-02-01-20.wav,data\Actor_20\03-01-07-02-02-01-20.wav,03,01,07,disgust,strong,02,Dogs are sitting by the door,01,20,female
03-01-07-02-02-02-20.wav,data\Actor_20\03-01-07-02-02-02-20.wav,03,01,07,disgust,strong,02,Dogs are sitting by the door,02,20,female
03-01-08-01-01-01-20.wav,data\Actor_20\03-01-08-01-01-01-20.wav,03,01,08,surprised,normal,01,Kids are talking by the door,01,20,female
03-01-08-01-01-02-20.wav,data\Actor_20\03-01-08-01-01-02-20.wav,03,01,08,surprised,normal,01,Kids are talking by the door,02,20,female
03-01-08-01-02-01-20.wav,data\Actor_20\03-01-08-01-02-01-20.wav,03,01,08,surprised,normal,02,Dogs are sitting by the door,01,20,female
03-01-08-01-02-02-20.wav,data\Actor_20\03-01-08-01-02-02-20.wav,03,01,08,surprised,normal,02,Dogs are sitting by the door,02,20,female
03-01-08-02-01-01-20.wav,data\Actor_20\03-01-08-02-01-01-20.wav,03,01,08,surprised,strong,01,Kids are talking by the door,01,20,female
03-01-08-02-01-02-20.wav,data\Actor_20\03-01-08-02-01-02-20.wav,03,01,08,surprised,strong,01,Kids are talking by the door,02,20,female
03-01-08-02-02-01-20.wav,data\Actor_20\03-01-08-02-02-01-20.wav,03,01,08,surprised,strong,02,Dogs are sitting by the door,01,20,female
03-01-08-02-02-02-20.wav,data\Actor_20\03-01-08-02-02-02-20.wav,03,01,08,surprised,strong,02,Dogs are sitting by the door,02,20,female
03-01-01-01-01-01-21.wav,data\Actor_21\03-01-01-01-01-01-21.wav,03,01,01,neutral,normal,01,Kids are talking by the door,01,21,male
03-01-01-01-01-02-21.wav,data\Actor_21\03-01-01-01-01-02-21.wav,03,01,01,neutral,normal,01,Kids are talking by the door,02,21,male
03-01-01-01-02-01-21.wav,data\Actor_21\03-01-01-01-02-01-21.wav,03,01,01,neutral,normal,02,Dogs are sitting by the door,01,21,male
03-01-01-01-02-02-21.wav,data\Actor_21\03-01-01-01-02-02-21.wav,03,01,01,neutral,normal,02,Dogs are sitting by the door,02,21,male
03-01-02-01-01-01-21.wav,data\Actor_21\03-01-02-01-01-01-21.wav,03,01,02,calm,normal,01,Kids are talking by the door,01,21,male
03-01-02-01-01-02-21.wav,data\Actor_21\03-01-02-01-01-02-21.wav,03,01,02,calm,normal,01,Kids are talking by the door,02,21,male
03-01-02-01-02-01-21.wav,data\Actor_21\03-01-02-01-02-01-21.wav,03,01,02,calm,normal,02,Dogs are sitting by the door,01,21,male
03-01-02-01-02-02-21.wav,data\Actor_21\03-01-02-01-02-02-21.wav,03,01,02,calm,normal,02,Dogs are sitting by the door,02,21,male
03-01-02-02-01-01-21.wav,data\Actor_21\03-01-02-02-01-01-21.wav,03,01,02,calm,strong,01,Kids are talking by the door,01,21,male
03-01-02-02-01-02-21.wav,data\Actor_21\03-01-02-02-01-02-21.wav,03,01,02,calm,strong,01,Kids are talking by the door,02,21,male
03-01-02-02-02-01-21.wav,data\Actor_21\03-01-02-02-02-01-21.wav,03,01,02,calm,strong,02,Dogs are sitting by the door,01,21,male
03-01-02-02-02-02-21.wav,data\Actor_21\03-01-02-02-02-02-21.wav,03,01,02,calm,strong,02,Dogs are sitting by the door,02,21,male
03-01-03-01-01-01-21.wav,data\Actor_21\03-01-03-01-01-01-21.wav,03,01,03,happy,normal,01,Kids are talking by the door,01,21,male
03-01-03-01-01-02-21.wav,data\Actor_21\03-01-03-01-01-02-21.wav,03,01,03,happy,normal,01,Kids are talking by the door,02,21,male
03-01-03-01-02-01-21.wav,data\Actor_21\03-01-03-01-02-01-21.wav,03,01,03,happy,normal,02,Dogs are sitting by the door,01,21,male
03-01-03-01-02-02-21.wav,data\Actor_21\03-01-03-01-02-02-21.wav,03,01,03,happy,normal,02,Dogs are sitting by the door,02,21,male
03-01-03-02-01-01-21.wav,data\Actor_21\03-01-03-02-01-01-21.wav,03,01,03,happy,strong,01,Kids are talking by the door,01,21,male
03-01-03-02-01-02-21.wav,data\Actor_21\03-01-03-02-01-02-21.wav,03,01,03,happy,strong,01,Kids are talking by the door,02,21,male
03-01-03-02-02-01-21.wav,data\Actor_21\03-01-03-02-02-01-21.wav,03,01,03,happy,strong,02,Dogs are sitting by the door,01,21,male
03-01-03-02-02-02-21.wav,data\Actor_21\03-01-03-02-02-02-21.wav,03,01,03,happy,strong,02,Dogs are sitting by the door,02,21,male
03-01-04-01-01-01-21.wav,data\Actor_21\03-01-04-01-01-01-21.wav,03,01,04,sad,normal,01,Kids are talking by the door,01,21,male
03-01-04-01-01-02-21.wav,data\Actor_21\03-01-04-01-01-02-21.wav,03,01,04,sad,normal,01,Kids are talking by the door,02,21,male
03-01-04-01-02-01-21.wav,data\Actor_21\03-01-04-01-02-01-21.wav,03,01,04,sad,normal,02,Dogs are sitting by the door,01,21,male
03-01-04-01-02-02-21.wav,data\Actor_21\03-01-04-01-02-02-21.wav,03,01,04,sad,normal,02,Dogs are sitting by the door,02,21,male
03-01-04-02-01-01-21.wav,data\Actor_21\03-01-04-02-01-01-21.wav,03,01,04,sad,strong,01,Kids are talking by the door,01,21,male
03-01-04-02-01-02-21.wav,data\Actor_21\03-01-04-02-01-02-21.wav,03,01,04,sad,strong,01,Kids are talking by the door,02,21,male
03-01-04-02-02-01-21.wav,data\Actor_21\03-01-04-02-02-01-21.wav,03,01,04,sad,strong,02,Dogs are sitting by the door,01,21,male
03-01-04-02-02-02-21.wav,data\Actor_21\03-01-04-02-02-02-21.wav,03,01,04,sad,strong,02,Dogs are sitting by the door,02,21,male
03-01-05-01-01-01-21.wav,data\Actor_21\03-01-05-01-01-01-21.wav,03,01,05,angry,normal,01,Kids are talking by the door,01,21,male
03-01-05-01-01-02-21.wav,data\Actor_21\03-01-05-01-01-02-21.wav,03,01,05,angry,normal,01,Kids are talking by the door,02,21,male
03-01-05-01-02-01-21.wav,data\Actor_21\03-01-05-01-02-01-21.wav,03,01,05,angry,normal,02,Dogs are sitting by the door,01,21,male
03-01-05-01-02-02-21.wav,data\Actor_21\03-01-05-01-02-02-21.wav,03,01,05,angry,normal,02,Dogs are sitting by the door,02,21,male
03-01-05-02-01-01-21.wav,data\Actor_21\03-01-05-02-01-01-21.wav,03,01,05,angry,strong,01,Kids are talking by the door,01,21,male
03-01-05-02-01-02-21.wav,data\Actor_21\03-01-05-02-01-02-21.wav,03,01,05,angry,strong,01,Kids are talking by the door,02,21,male
03-01-05-02-02-01-21.wav,data\Actor_21\03-01-05-02-02-01-21.wav,03,01,05,angry,strong,02,Dogs are sitting by the door,01,21,male
03-01-05-02-02-02-21.wav,data\Actor_21\03-01-05-02-02-02-21.wav,03,01,05,angry,strong,02,Dogs are sitting by the door,02,21,male
03-01-06-01-01-01-21.wav,data\Actor_21\03-01-06-01-01-01-21.wav,03,01,06,fearful,normal,01,Kids are talking by the door,01,21,male
03-01-06-01-01-02-21.wav,data\Actor_21\03-01-06-01-01-02-21.wav,03,01,06,fearful,normal,01,Kids are talking by the door,02,21,male
03-01-06-01-02-01-21.wav,data\Actor_21\03-01-06-01-02-01-21.wav,03,01,06,fearful,normal,02,Dogs are sitting by the door,01,21,male
03-01-06-01-02-02-21.wav,data\Actor_21\03-01-06-01-02-02-21.wav,03,01,06,fearful,normal,02,Dogs are sitting by the door,02,21,male
03-01-06-02-01-01-21.wav,data\Actor_21\03-01-06-02-01-01-21.wav,03,01,06,fearful,strong,01,Kids are talking by the door,01,21,male
03-01-06-02-01-02-21.wav,data\Actor_21\03-01-06-02-01-02-21.wav,03,01,06,fearful,strong,01,Kids are talking by the door,02,21,male
03-01-06-02-02-01-21.wav,data\Actor_21\03-01-06-02-02-01-21.wav,03,01,06,fearful,strong,02,Dogs are sitting by the door,01,21,male
03-01-06-02-02-02-21.wav,data\Actor_21\03-01-06-02-02-02-21.wav,03,01,06,fearful,strong,02,Dogs are sitting by the door,02,21,male
03-01-07-01-01-01-21.wav,data\Actor_21\03-01-07-01-01-01-21.wav,03,01,07,disgust,normal,01,Kids are talking by the door,01,21,male
03-01-07-01-01-02-21.wav,data\Actor_21\03-01-07-01-01-02-21.wav,03,01,07,disgust,normal,01,Kids are talking by the door,02,21,male
03-01-07-01-02-01-21.wav,data\Actor_21\03-01-07-01-02-01-21.wav,03,01,07,disgust,normal,02,Dogs are sitting by the door,01,21,male
03-01-07-01-02-02-21.wav,data\Actor_21\03-01-07-01-02-02-21.wav,03,01,07,disgust,normal,02,Dogs are sitting by the door,02,21,male
03-01-07-02-01-01-21.wav,data\Actor_21\03-01-07-02-01-01-21.wav,03,01,07,disgust,strong,01,Kids are talking by the door,01,21,male
03-01-07-02-01-02-21.wav,data\Actor_21\03-01-07-02-01-02-21.wav,03,01,07,disgust,strong,01,Kids are talking by the door,02,21,male
03-01-07-02-02-01-21.wav,data\Actor_21\03-01-07-02-02-01-21.wav,03,01,07,disgust,strong,02,Dogs are sitting by the door,01,21,male
03-01-07-02-02-02-21.wav,data\Actor_21\03-01-07-02-02-02-21.wav,03,01,07,disgust,strong,02,Dogs are sitting by the door,02,21,male
03-01-08-01-01-01-21.wav,data\Actor_21\03-01-08-01-01-01-21.wav,03,01,08,surprised,normal,01,Kids are talking by the door,01,21,male
03-01-08-01-01-02-21.wav,data\Actor_21\03-01-08-01-01-02-21.wav,03,01,08,surprised,normal,01,Kids are talking by the door,02,21,male
03-01-08-01-02-01-21.wav,data\Actor_21\03-01-08-01-02-01-21.wav,03,01,08,surprised,normal,02,Dogs are sitting by the door,01,21,male
03-01-08-01-02-02-21.wav,data\Actor_21\03-01-08-01-02-02-21.wav,03,01,08,surprised,normal,02,Dogs are sitting by the door,02,21,male
03-01-08-02-01-01-21.wav,data\Actor_21\03-01-08-02-01-01-21.wav,03,01,08,surprised,strong,01,Kids are talking by the door,01,21,male
03-01-08-02-01-02-21.wav,data\Actor_21\03-01-08-02-01-02-21.wav,03,01,08,surprised,strong,01,Kids are talking by the door,02,21,male
03-01-08-02-02-01-21.wav,data\Actor_21\03-01-08-02-02-01-21.wav,03,01,08,surprised,strong,02,Dogs are sitting by the door,01,21,male
03-01-08-02-02-02-21.wav,data\Actor_21\03-01-08-02-02-02-21.wav,03,01,08,surprised,strong,02,Dogs are sitting by the door,02,21,male
03-01-01-01-01-01-22.wav,data\Actor_22\03-01-01-01-01-01-22.wav,03,01,01,neutral,normal,01,Kids are talking by the door,01,22,female
03-01-01-01-01-02-22.wav,data\Actor_22\03-01-01-01-01-02-22.wav,03,01,01,neutral,normal,01,Kids are talking by the door,02,22,female
03-01-01-01-02-01-22.wav,data\Actor_22\03-01-01-01-02-01-22.wav,03,01,01,neutral,normal,02,Dogs are sitting by the door,01,22,female
03-01-01-01-02-02-22.wav,data\Actor_22\03-01-01-01-02-02-22.wav,03,01,01,neutral,normal,02,Dogs are sitting by the door,02,22,female
03-01-02-01-01-01-22.wav,data\Actor_22\03-01-02-01-01-01-22.wav,03,01,02,calm,normal,01,Kids are talking by the door,01,22,female
03-01-02-01-01-02-22.wav,data\Actor_22\03-01-02-01-01-02-22.wav,03,01,02,calm,normal,01,Kids are talking by the door,02,22,female
03-01-02-01-02-01-22.wav,data\Actor_22\03-01-02-01-02-01-22.wav,03,01,02,calm,normal,02,Dogs are sitting by the door,01,22,female
03-01-02-01-02-02-22.wav,data\Actor_22\03-01-02-01-02-02-22.wav,03,01,02,calm,normal,02,Dogs are sitting by the door,02,22,female
03-01-02-02-01-01-22.wav,data\Actor_22\03-01-02-02-01-01-22.wav,03,01,02,calm,strong,01,Kids are talking by the door,01,22,female
03-01-02-02-01-02-22.wav,data\Actor_22\03-01-02-02-01-02-22.wav,03,01,02,calm,strong,01,Kids are talking by the door,02,22,female
03-01-02-02-02-01-22.wav,data\Actor_22\03-01-02-02-02-01-22.wav,03,01,02,calm,strong,02,Dogs are sitting by the door,01,22,female
03-01-02-02-02-02-22.wav,data\Actor_22\03-01-02-02-02-02-22.wav,03,01,02,calm,strong,02,Dogs are sitting by the door,02,22,female
03-01-03-01-01-01-22.wav,data\Actor_22\03-01-03-01-01-01-22.wav,03,01,03,happy,normal,01,Kids are talking by the door,01,22,female
03-01-03-01-01-02-22.wav,data\Actor_22\03-01-03-01-01-02-22.wav,03,01,03,happy,normal,01,Kids are talking by the door,02,22,female
03-01-03-01-02-01-22.wav,data\Actor_22\03-01-03-01-02-01-22.wav,03,01,03,happy,normal,02,Dogs are sitting by the door,01,22,female
03-01-03-01-02-02-22.wav,data\Actor_22\03-01-03-01-02-02-22.wav,03,01,03,happy,normal,02,Dogs are sitting by the door,02,22,female
03-01-03-02-01-01-22.wav,data\Actor_22\03-01-03-02-01-01-22.wav,03,01,03,happy,strong,01,Kids are talking by the door,01,22,female
03-01-03-02-01-02-22.wav,data\Actor_22\03-01-03-02-01-02-22.wav,03,01,03,happy,strong,01,Kids are talking by the door,02,22,female
03-01-03-02-02-01-22.wav,data\Actor_22\03-01-03-02-02-01-22.wav,03,01,03,happy,strong,02,Dogs are sitting by the door,01,22,female
03-01-03-02-02-02-22.wav,data\Actor_22\03-01-03-02-02-02-22.wav,03,01,03,happy,strong,02,Dogs are sitting by the door,02,22,female
03-01-04-01-01-01-22.wav,data\Actor_22\03-01-04-01-01-01-22.wav,03,01,04,sad,normal,01,Kids are talking by the door,01,22,female
03-01-04-01-01-02-22.wav,data\Actor_22\03-01-04-01-01-02-22.wav,03,01,04,sad,normal,01,Kids are talking by the door,02,22,female
03-01-04-01-02-01-22.wav,data\Actor_22\03-01-04-01-02-01-22.wav,03,01,04,sad,normal,02,Dogs are sitting by the door,01,22,female
03-01-04-01-02-02-22.wav,data\Actor_22\03-01-04-01-02-02-22.wav,03,01,04,sad,normal,02,Dogs are sitting by the door,02,22,female
03-01-04-02-01-01-22.wav,data\Actor_22\03-01-04-02-01-01-22.wav,03,01,04,sad,strong,01,Kids are talking by the door,01,22,female
03-01-04-02-01-02-22.wav,data\Actor_22\03-01-04-02-01-02-22.wav,03,01,04,sad,strong,01,Kids are talking by the door,02,22,female
03-01-04-02-02-01-22.wav,data\Actor_22\03-01-04-02-02-01-22.wav,03,01,04,sad,strong,02,Dogs are sitting by the door,01,22,female
03-01-04-02-02-02-22.wav,data\Actor_22\03-01-04-02-02-02-22.wav,03,01,04,sad,strong,02,Dogs are sitting by the door,02,22,female
03-01-05-01-01-01-22.wav,data\Actor_22\03-01-05-01-01-01-22.wav,03,01,05,angry,normal,01,Kids are talking by the door,01,22,female
03-01-05-01-01-02-22.wav,data\Actor_22\03-01-05-01-01-02-22.wav,03,01,05,angry,normal,01,Kids are talking by the door,02,22,female
03-01-05-01-02-01-22.wav,data\Actor_22\03-01-05-01-02-01-22.wav,03,01,05,angry,normal,02,Dogs are sitting by the door,01,22,female
03-01-05-01-02-02-22.wav,data\Actor_22\03-01-05-01-02-02-22.wav,03,01,05,angry,normal,02,Dogs are sitting by the door,02,22,female
03-01-05-02-01-01-22.wav,data\Actor_22\03-01-05-02-01-01-22.wav,03,01,05,angry,strong,01,Kids are talking by the door,01,22,female
03-01-05-02-01-02-22.wav,data\Actor_22\03-01-05-02-01-02-22.wav,03,01,05,angry,strong,01,Kids are talking by the door,02,22,female
03-01-05-02-02-01-22.wav,data\Actor_22\03-01-05-02-02-01-22.wav,03,01,05,angry,strong,02,Dogs are sitting by the door,01,22,female
03-01-05-02-02-02-22.wav,data\Actor_22\03-01-05-02-02-02-22.wav,03,01,05,angry,strong,02,Dogs are sitting by the door,02,22,female
03-01-06-01-01-01-22.wav,data\Actor_22\03-01-06-01-01-01-22.wav,03,01,06,fearful,normal,01,Kids are talking by the door,01,22,female
03-01-06-01-01-02-22.wav,data\Actor_22\03-01-06-01-01-02-22.wav,03,01,06,fearful,normal,01,Kids are talking by the door,02,22,female
03-01-06-01-02-01-22.wav,data\Actor_22\03-01-06-01-02-01-22.wav,03,01,06,fearful,normal,02,Dogs are sitting by the door,01,22,female
03-01-06-01-02-02-22.wav,data\Actor_22\03-01-06-01-02-02-22.wav,03,01,06,fearful,normal,02,Dogs are sitting by the door,02,22,female
03-01-06-02-01-01-22.wav,data\Actor_22\03-01-06-02-01-01-22.wav,03,01,06,fearful,strong,01,Kids are talking by the door,01,22,female
03-01-06-02-01-02-22.wav,data\Actor_22\03-01-06-02-01-02-22.wav,03,01,06,fearful,strong,01,Kids are talking by the door,02,22,female
03-01-06-02-02-01-22.wav,data\Actor_22\03-01-06-02-02-01-22.wav,03,01,06,fearful,strong,02,Dogs are sitting by the door,01,22,female
03-01-06-02-02-02-22.wav,data\Actor_22\03-01-06-02-02-02-22.wav,03,01,06,fearful,strong,02,Dogs are sitting by the door,02,22,female
03-01-07-01-01-01-22.wav,data\Actor_22\03-01-07-01-01-01-22.wav,03,01,07,disgust,normal,01,Kids are talking by the door,01,22,female
03-01-07-01-01-02-22.wav,data\Actor_22\03-01-07-01-01-02-22.wav,03,01,07,disgust,normal,01,Kids are talking by the door,02,22,female
03-01-07-01-02-01-22.wav,data\Actor_22\03-01-07-01-02-01-22.wav,03,01,07,disgust,normal,02,Dogs are sitting by the door,01,22,female
03-01-07-01-02-02-22.wav,data\Actor_22\03-01-07-01-02-02-22.wav,03,01,07,disgust,normal,02,Dogs are sitting by the door,02,22,female
03-01-07-02-01-01-22.wav,data\Actor_22\03-01-07-02-01-01-22.wav,03,01,07,disgust,strong,01,Kids are talking by the door,01,22,female
03-01-07-02-01-02-22.wav,data\Actor_22\03-01-07-02-01-02-22.wav,03,01,07,disgust,strong,01,Kids are talking by the door,02,22,female
03-01-07-02-02-01-22.wav,data\Actor_22\03-01-07-02-02-01-22.wav,03,01,07,disgust,strong,02,Dogs are sitting by the door,01,22,female
03-01-07-02-02-02-22.wav,data\Actor_22\03-01-07-02-02-02-22.wav,03,01,07,disgust,strong,02,Dogs are sitting by the door,02,22,female
03-01-08-01-01-01-22.wav,data\Actor_22\03-01-08-01-01-01-22.wav,03,01,08,surprised,normal,01,Kids are talking by the door,01,22,female
03-01-08-01-01-02-22.wav,data\Actor_22\03-01-08-01-01-02-22.wav,03,01,08,surprised,normal,01,Kids are talking by the door,02,22,female
03-01-08-01-02-01-22.wav,data\Actor_22\03-01-08-01-02-01-22.wav,03,01,08,surprised,normal,02,Dogs are sitting by the door,01,22,female
03-01-08-01-02-02-22.wav,data\Actor_22\03-01-08-01-02-02-22.wav,03,01,08,surprised,normal,02,Dogs are sitting by the door,02,22,female
03-01-08-02-01-01-22.wav,data\Actor_22\03-01-08-02-01-01-22.wav,03,01,08,surprised,strong,01,Kids are talking by the door,01,22,female
03-01-08-02-01-02-22.wav,data\Actor_22\03-01-08-02-01-02-22.wav,03,01,08,surprised,strong,01,Kids are talking by the door,02,22,female
03-01-08-02-02-01-22.wav,data\Actor_22\03-01-08-02-02-01-22.wav,03,01,08,surprised,strong,02,Dogs are sitting by the door,01,22,female
03-01-08-02-02-02-22.wav,data\Actor_22\03-01-08-02-02-02-22.wav,03,01,08,surprised,strong,02,Dogs are sitting by the door,02,22,female
03-01-01-01-01-01-23.wav,data\Actor_23\03-01-01-01-01-01-23.wav,03,01,01,neutral,normal,01,Kids are talking by the door,01,23,male
03-01-01-01-01-02-23.wav,data\Actor_23\03-01-01-01-01-02-23.wav,03,01,01,neutral,normal,01,Kids are talking by the door,02,23,male
03-01-01-01-02-01-23.wav,data\Actor_23\03-01-01-01-02-01-23.wav,03,01,01,neutral,normal,02,Dogs are sitting by the door,01,23,male
03-01-01-01-02-02-23.wav,data\Actor_23\03-01-01-01-02-02-23.wav,03,01,01,neutral,normal,02,Dogs are sitting by the door,02,23,male
03-01-02-01-01-01-23.wav,data\Actor_23\03-01-02-01-01-01-23.wav,03,01,02,calm,normal,01,Kids are talking by the door,01,23,male
03-01-02-01-01-02-23.wav,data\Actor_23\03-01-02-01-01-02-23.wav,03,01,02,calm,normal,01,Kids are talking by the door,02,23,male
03-01-02-01-02-01-23.wav,data\Actor_23\03-01-02-01-02-01-23.wav,03,01,02,calm,normal,02,Dogs are sitting by the door,01,23,male
03-01-02-01-02-02-23.wav,data\Actor_23\03-01-02-01-02-02-23.wav,03,01,02,calm,normal,02,Dogs are sitting by the door,02,23,male
03-01-02-02-01-01-23.wav,data\Actor_23\03-01-02-02-01-01-23.wav,03,01,02,calm,strong,01,Kids are talking by the door,01,23,male
03-01-02-02-01-02-23.wav,data\Actor_23\03-01-02-02-01-02-23.wav,03,01,02,calm,strong,01,Kids are talking by the door,02,23,male
03-01-02-02-02-01-23.wav,data\Actor_23\03-01-02-02-02-01-23.wav,03,01,02,calm,strong,02,Dogs are sitting by the door,01,23,male
03-01-02-02-02-02-23.wav,data\Actor_23\03-01-02-02-02-02-23.wav,03,01,02,calm,strong,02,Dogs are sitting by the door,02,23,male
03-01-03-01-01-01-23.wav,data\Actor_23\03-01-03-01-01-01-23.wav,03,01,03,happy,normal,01,Kids are talking by the door,01,23,male
03-01-03-01-01-02-23.wav,data\Actor_23\03-01-03-01-01-02-23.wav,03,01,03,happy,normal,01,Kids are talking by the door,02,23,male
03-01-03-01-02-01-23.wav,data\Actor_23\03-01-03-01-02-01-23.wav,03,01,03,happy,normal,02,Dogs are sitting by the door,01,23,male
03-01-03-01-02-02-23.wav,data\Actor_23\03-01-03-01-02-02-23.wav,03,01,03,happy,normal,02,Dogs are sitting by the door,02,23,male
03-01-03-02-01-01-23.wav,data\Actor_23\03-01-03-02-01-01-23.wav,03,01,03,happy,strong,01,Kids are talking by the door,01,23,male
03-01-03-02-01-02-23.wav,data\Actor_23\03-01-03-02-01-02-23.wav,03,01,03,happy,strong,01,Kids are talking by the door,02,23,male
03-01-03-02-02-01-23.wav,data\Actor_23\03-01-03-02-02-01-23.wav,03,01,03,happy,strong,02,Dogs are sitting by the door,01,23,male
03-01-03-02-02-02-23.wav,data\Actor_23\03-01-03-02-02-02-23.wav,03,01,03,happy,strong,02,Dogs are sitting by the door,02,23,male
03-01-04-01-01-01-23.wav,data\Actor_23\03-01-04-01-01-01-23.wav,03,01,04,sad,normal,01,Kids are talking by the door,01,23,male
03-01-04-01-01-02-23.wav,data\Actor_23\03-01-04-01-01-02-23.wav,03,01,04,sad,normal,01,Kids are talking by the door,02,23,male
03-01-04-01-02-01-23.wav,data\Actor_23\03-01-04-01-02-01-23.wav,03,01,04,sad,normal,02,Dogs are sitting by the door,01,23,male
03-01-04-01-02-02-23.wav,data\Actor_23\03-01-04-01-02-02-23.wav,03,01,04,sad,normal,02,Dogs are sitting by the door,02,23,male
03-01-04-02-01-01-23.wav,data\Actor_23\03-01-04-02-01-01-23.wav,03,01,04,sad,strong,01,Kids are talking by the door,01,23,male
03-01-04-02-01-02-23.wav,data\Actor_23\03-01-04-02-01-02-23.wav,03,01,04,sad,strong,01,Kids are talking by the door,02,23,male
03-01-04-02-02-01-23.wav,data\Actor_23\03-01-04-02-02-01-23.wav,03,01,04,sad,strong,02,Dogs are sitting by the door,01,23,male
03-01-04-02-02-02-23.wav,data\Actor_23\03-01-04-02-02-02-23.wav,03,01,04,sad,strong,02,Dogs are sitting by the door,02,23,male
03-01-05-01-01-01-23.wav,data\Actor_23\03-01-05-01-01-01-23.wav,03,01,05,angry,normal,01,Kids are talking by the door,01,23,male
03-01-05-01-01-02-23.wav,data\Actor_23\03-01-05-01-01-02-23.wav,03,01,05,angry,normal,01,Kids are talking by the door,02,23,male
03-01-05-01-02-01-23.wav,data\Actor_23\03-01-05-01-02-01-23.wav,03,01,05,angry,normal,02,Dogs are sitting by the door,01,23,male
03-01-05-01-02-02-23.wav,data\Actor_23\03-01-05-01-02-02-23.wav,03,01,05,angry,normal,02,Dogs are sitting by the door,02,23,male
03-01-05-02-01-01-23.wav,data\Actor_23\03-01-05-02-01-01-23.wav,03,01,05,angry,strong,01,Kids are talking by the door,01,23,male
03-01-05-02-01-02-23.wav,data\Actor_23\03-01-05-02-01-02-23.wav,03,01,05,angry,strong,01,Kids are talking by the door,02,23,male
03-01-05-02-02-01-23.wav,data\Actor_23\03-01-05-02-02-01-23.wav,03,01,05,angry,strong,02,Dogs are sitting by the door,01,23,male
03-01-05-02-02-02-23.wav,data\Actor_23\03-01-05-02-02-02-23.wav,03,01,05,angry,strong,02,Dogs are sitting by the door,02,23,male
03-01-06-01-01-01-23.wav,data\Actor_23\03-01-06-01-01-01-23.wav,03,01,06,fearful,normal,01,Kids are talking by the door,01,23,male
03-01-06-01-01-02-23.wav,data\Actor_23\03-01-06-01-01-02-23.wav,03,01,06,fearful,normal,01,Kids are talking by the door,02,23,male
03-01-06-01-02-01-23.wav,data\Actor_23\03-01-06-01-02-01-23.wav,03,01,06,fearful,normal,02,Dogs are sitting by the door,01,23,male
03-01-06-01-02-02-23.wav,data\Actor_23\03-01-06-01-02-02-23.wav,03,01,06,fearful,normal,02,Dogs are sitting by the door,02,23,male
03-01-06-02-01-01-23.wav,data\Actor_23\03-01-06-02-01-01-23.wav,03,01,06,fearful,strong,01,Kids are talking by the door,01,23,male
03-01-06-02-01-02-23.wav,data\Actor_23\03-01-06-02-01-02-23.wav,03,01,06,fearful,strong,01,Kids are talking by the door,02,23,male
03-01-06-02-02-01-23.wav,data\Actor_23\03-01-06-02-02-01-23.wav,03,01,06,fearful,strong,02,Dogs are sitting by the door,01,23,male
03-01-06-02-02-02-23.wav,data\Actor_23\03-01-06-02-02-02-23.wav,03,01,06,fearful,strong,02,Dogs are sitting by the door,02,23,male
03-01-07-01-01-01-23.wav,data\Actor_23\03-01-07-01-01-01-23.wav,03,01,07,disgust,normal,01,Kids are talking by the door,01,23,male
03-01-07-01-01-02-23.wav,data\Actor_23\03-01-07-01-01-02-23.wav,03,01,07,disgust,normal,01,Kids are talking by the door,02,23,male
03-01-07-01-02-01-23.wav,data\Actor_23\03-01-07-01-02-01-23.wav,03,01,07,disgust,normal,02,Dogs are sitting by the door,01,23,male
03-01-07-01-02-02-23.wav,data\Actor_23\03-01-07-01-02-02-23.wav,03,01,07,disgust,normal,02,Dogs are sitting by the door,02,23,male
03-01-07-02-01-01-23.wav,data\Actor_23\03-01-07-02-01-01-23.wav,03,01,07,disgust,strong,01,Kids are talking by the door,01,23,male
03-01-07-02-01-02-23.wav,data\Actor_23\03-01-07-02-01-02-23.wav,03,01,07,disgust,strong,01,Kids are talking by the door,02,23,male
03-01-07-02-02-01-23.wav,data\Actor_23\03-01-07-02-02-01-23.wav,03,01,07,disgust,strong,02,Dogs are sitting by the door,01,23,male
03-01-07-02-02-02-23.wav,data\Actor_23\03-01-07-02-02-02-23.wav,03,01,07,disgust,strong,02,Dogs are sitting by the door,02,23,male
03-01-08-01-01-01-23.wav,data\Actor_23\03-01-08-01-01-01-23.wav,03,01,08,surprised,normal,01,Kids are talking by the door,01,23,male
03-01-08-01-01-02-23.wav,data\Actor_23\03-01-08-01-01-02-23.wav,03,01,08,surprised,normal,01,Kids are talking by the door,02,23,male
03-01-08-01-02-01-23.wav,data\Actor_23\03-01-08-01-02-01-23.wav,03,01,08,surprised,normal,02,Dogs are sitting by the door,01,23,male
03-01-08-01-02-02-23.wav,data\Actor_23\03-01-08-01-02-02-23.wav,03,01,08,surprised,normal,02,Dogs are sitting by the door,02,23,male
03-01-08-02-01-01-23.wav,data\Actor_23\03-01-08-02-01-01-23.wav,03,01,08,surprised,strong,01,Kids are talking by the door,01,23,male
03-01-08-02-01-02-23.wav,data\Actor_23\03-01-08-02-01-02-23.wav,03,01,08,surprised,strong,01,Kids are talking by the door,02,23,male
03-01-08-02-02-01-23.wav,data\Actor_23\03-01-08-02-02-01-23.wav,03,01,08,surprised,strong,02,Dogs are sitting by the door,01,23,male
03-01-08-02-02-02-23.wav,data\Actor_23\03-01-08-02-02-02-23.wav,03,01,08,surprised,strong,02,Dogs are sitting by the door,02,23,male
03-01-01-01-01-01-24.wav,data\Actor_24\03-01-01-01-01-01-24.wav,03,01,01,neutral,normal,01,Kids are talking by the door,01,24,female
03-01-01-01-01-02-24.wav,data\Actor_24\03-01-01-01-01-02-24.wav,03,01,01,neutral,normal,01,Kids are talking by the door,02,24,female
03-01-01-01-02-01-24.wav,data\Actor_24\03-01-01-01-02-01-24.wav,03,01,01,neutral,normal,02,Dogs are sitting by the door,01,24,female
03-01-01-01-02-02-24.wav,data\Actor_24\03-01-01-01-02-02-24.wav,03,01,01,neutral,normal,02,Dogs are sitting by the door,02,24,female
03-01-02-01-01-01-24.wav,data\Actor_24\03-01-02-01-01-01-24.wav,03,01,02,calm,normal,01,Kids are talking by the door,01,24,female
03-01-02-01-01-02-24.wav,data\Actor_24\03-01-02-01-01-02-24.wav,03,01,02,calm,normal,01,Kids are talking by the door,02,24,female
03-01-02-01-02-01-24.wav,data\Actor_24\03-01-02-01-02-01-24.wav,03,01,02,calm,normal,02,Dogs are sitting by the door,01,24,female
03-01-02-01-02-02-24.wav,data\Actor_24\03-01-02-01-02-02-24.wav,03,01,02,calm,normal,02,Dogs are sitting by the door,02,24,female
03-01-02-02-01-01-24.wav,data\Actor_24\03-01-02-02-01-01-24.wav,03,01,02,calm,strong,01,Kids are talking by the door,01,24,female
03-01-02-02-01-02-24.wav,data\Actor_24\03-01-02-02-01-02-24.wav,03,01,02,calm,strong,01,Kids are talking by the door,02,24,female
03-01-02-02-02-01-24.wav,data\Actor_24\03-01-02-02-02-01-24.wav,03,01,02,calm,strong,02,Dogs are sitting by the door,01,24,female
03-01-02-02-02-02-24.wav,data\Actor_24\03-01-02-02-02-02-24.wav,03,01,02,calm,strong,02,Dogs are sitting by the door,02,24,female
03-01-03-01-01-01-24.wav,data\Actor_24\03-01-03-01-01-01-24.wav,03,01,03,happy,normal,01,Kids are talking by the door,01,24,female
03-01-03-01-01-02-24.wav,data\Actor_24\03-01-03-01-01-02-24.wav,03,01,03,happy,normal,01,Kids are talking by the door,02,24,female
03-01-03-01-02-01-24.wav,data\Actor_24\03-01-03-01-02-01-24.wav,03,01,03,happy,normal,02,Dogs are sitting by the door,01,24,female
03-01-03-01-02-02-24.wav,data\Actor_24\03-01-03-01-02-02-24.wav,03,01,03,happy,normal,02,Dogs are sitting by the door,02,24,female
03-01-03-02-01-01-24.wav,data\Actor_24\03-01-03-02-01-01-24.wav,03,01,03,happy,strong,01,Kids are talking by the door,01,24,female
03-01-03-02-01-02-24.wav,data\Actor_24\03-01-03-02-01-02-24.wav,03,01,03,happy,strong,01,Kids are talking by the door,02,24,female
03-01-03-02-02-01-24.wav,data\Actor_24\03-01-03-02-02-01-24.wav,03,01,03,happy,strong,02,Dogs are sitting by the door,01,24,female
03-01-03-02-02-02-24.wav,data\Actor_24\03-01-03-02-02-02-24.wav,03,01,03,happy,strong,02,Dogs are sitting by the door,02,24,female
03-01-04-01-01-01-24.wav,data\Actor_24\03-01-04-01-01-01-24.wav,03,01,04,sad,normal,01,Kids are talking by the door,01,24,female
03-01-04-01-01-02-24.wav,data\Actor_24\03-01-04-01-01-02-24.wav,03,01,04,sad,normal,01,Kids are talking by the door,02,24,female
03-01-04-01-02-01-24.wav,data\Actor_24\03-01-04-01-02-01-24.wav,03,01,04,sad,normal,02,Dogs are sitting by the door,01,24,female
03-01-04-01-02-02-24.wav,data\Actor_24\03-01-04-01-02-02-24.wav,03,01,04,sad,normal,02,Dogs are sitting by the door,02,24,female
03-01-04-02-01-01-24.wav,data\Actor_24\03-01-04-02-01-01-24.wav,03,01,04,sad,strong,01,Kids are talking by the door,01,24,female
03-01-04-02-01-02-24.wav,data\Actor_24\03-01-04-02-01-02-24.wav,03,01,04,sad,strong,01,Kids are talking by the door,02,24,female
03-01-04-02-02-01-24.wav,data\Actor_24\03-01-04-02-02-01-24.wav,03,01,04,sad,strong,02,Dogs are sitting by the door,01,24,female
03-01-04-02-02-02-24.wav,data\Actor_24\03-01-04-02-02-02-24.wav,03,01,04,sad,strong,02,Dogs are sitting by the door,02,24,female
03-01-05-01-01-01-24.wav,data\Actor_24\03-01-05-01-01-01-24.wav,03,01,05,angry,normal,01,Kids are talking by the door,01,24,female
03-01-05-01-01-02-24.wav,data\Actor_24\03-01-05-01-01-02-24.wav,03,01,05,angry,normal,01,Kids are talking by the door,02,24,female
03-01-05-01-02-01-24.wav,data\Actor_24\03-01-05-01-02-01-24.wav,03,01,05,angry,normal,02,Dogs are sitting by the door,01,24,female
03-01-05-01-02-02-24.wav,data\Actor_24\03-01-05-01-02-02-24.wav,03,01,05,angry,normal,02,Dogs are sitting by the door,02,24,female
03-01-05-02-01-01-24.wav,data\Actor_24\03-01-05-02-01-01-24.wav,03,01,05,angry,strong,01,Kids are talking by the door,01,24,female
03-01-05-02-01-02-24.wav,data\Actor_24\03-01-05-02-01-02-24.wav,03,01,05,angry,strong,01,Kids are talking by the door,02,24,female
03-01-05-02-02-01-24.wav,data\Actor_24\03-01-05-02-02-01-24.wav,03,01,05,angry,strong,02,Dogs are sitting by the door,01,24,female
03-01-05-02-02-02-24.wav,data\Actor_24\03-01-05-02-02-02-24.wav,03,01,05,angry,strong,02,Dogs are sitting by the door,02,24,female
03-01-06-01-01-01-24.wav,data\Actor_24\03-01-06-01-01-01-24.wav,03,01,06,fearful,normal,01,Kids are talking by the door,01,24,female
03-01-06-01-01-02-24.wav,data\Actor_24\03-01-06-01-01-02-24.wav,03,01,06,fearful,normal,01,Kids are talking by the door,02,24,female
03-01-06-01-02-01-24.wav,data\Actor_24\03-01-06-01-02-01-24.wav,03,01,06,fearful,normal,02,Dogs are sitting by the door,01,24,female
03-01-06-01-02-02-24.wav,data\Actor_24\03-01-06-01-02-02-24.wav,03,01,06,fearful,normal,02,Dogs are sitting by the door,02,24,female
03-01-06-02-01-01-24.wav,data\Actor_24\03-01-06-02-01-01-24.wav,03,01,06,fearful,strong,01,Kids are talking by the door,01,24,female
03-01-06-02-01-02-24.wav,data\Actor_24\03-01-06-02-01-02-24.wav,03,01,06,fearful,strong,01,Kids are talking by the door,02,24,female
03-01-06-02-02-01-24.wav,data\Actor_24\03-01-06-02-02-01-24.wav,03,01,06,fearful,strong,02,Dogs are sitting by the door,01,24,female
03-01-06-02-02-02-24.wav,data\Actor_24\03-01-06-02-02-02-24.wav,03,01,06,fearful,strong,02,Dogs are sitting by the door,02,24,female
03-01-07-01-01-01-24.wav,data\Actor_24\03-01-07-01-01-01-24.wav,03,01,07,disgust,normal,01,Kids are talking by the door,01,24,female
03-01-07-01-01-02-24.wav,data\Actor_24\03-01-07-01-01-02-24.wav,03,01,07,disgust,normal,01,Kids are talking by the door,02,24,female
03-01-07-01-02-01-24.wav,data\Actor_24\03-01-07-01-02-01-24.wav,03,01,07,disgust,normal,02,Dogs are sitting by the door,01,24,female
03-01-07-01-02-02-24.wav,data\Actor_24\03-01-07-01-02-02-24.wav,03,01,07,disgust,normal,02,Dogs are sitting by the door,02,24,female
03-01-07-02-01-01-24.wav,data\Actor_24\03-01-07-02-01-01-24.wav,03,01,07,disgust,strong,01,Kids are talking by the door,01,24,female
03-01-07-02-01-02-24.wav,data\Actor_24\03-01-07-02-01-02-24.wav,03,01,07,disgust,strong,01,Kids are talking by the door,02,24,female
03-01-07-02-02-01-24.wav,data\Actor_24\03-01-07-02-02-01-24.wav,03,01,07,disgust,strong,02,Dogs are sitting by the door,01,24,female
03-01-07-02-02-02-24.wav,data\Actor_24\03-01-07-02-02-02-24.wav,03,01,07,disgust,strong,02,Dogs are sitting by the door,02,24,female
03-01-08-01-01-01-24.wav,data\Actor_24\03-01-08-01-01-01-24.wav,03,01,08,surprised,normal,01,Kids are talking by the door,01,24,female
03-01-08-01-01-02-24.wav,data\Actor_24\03-01-08-01-01-02-24.wav,03,01,08,surprised,normal,01,Kids are talking by the door,02,24,female
03-01-08-01-02-01-24.wav,data\Actor_24\03-01-08-01-02-01-24.wav,03,01,08,surprised,normal,02,Dogs are sitting by the door,01,24,female
03-01-08-01-02-02-24.wav,data\Actor_24\03-01-08-01-02-02-24.wav,03,01,08,surprised,normal,02,Dogs are sitting by the door,02,24,female
03-01-08-02-01-01-24.wav,data\Actor_24\03-01-08-02-01-01-24.wav,03,01,08,surprised,strong,01,Kids are talking by the door,01,24,female
03-01-08-02-01-02-24.wav,data\Actor_24\03-01-08-02-01-02-24.wav,03,01,08,surprised,strong,01,Kids are talking by the door,02,24,female
03-01-08-02-02-01-24.wav,data\Actor_24\03-01-08-02-02-01-24.wav,03,01,08,surprised,strong,02,Dogs are sitting by the door,01,24,female
03-01-08-02-02-02-24.wav,data\Actor_24\03-01-08-02-02-02-24.wav,03,01,08,surprised,strong,02,Dogs are sitting by the door,02,24,female
